#
# There is insufficient memory for the Java Runtime Environment to continue.
# Native memory allocation (malloc) failed to allocate 1044656 bytes for Chunk::new
# Possible reasons:
#   The system is out of physical RAM or swap space
#   The process is running with CompressedOops enabled, and the Java Heap may be blocking the growth of the native heap
# Possible solutions:
#   Reduce memory load on the system
#   Increase physical memory or swap space
#   Check if swap backing store is full
#   Decrease Java heap size (-Xmx/-Xms)
#   Decrease number of Java threads
#   Decrease Java thread stack sizes (-Xss)
#   Set larger code cache with -XX:ReservedCodeCacheSize=
#   JVM is running with Unscaled Compressed Oops mode in which the Java heap is
#     placed in the first 4GB address space. The Java Heap base address is the
#     maximum limit for the native heap growth. Please use -XX:HeapBaseMinAddress
#     to set the Java Heap base and to place the Java Heap above 4GB virtual address.
# This output file may be truncated or incomplete.
#
#  Out of Memory Error (arena.cpp:189), pid=25992, tid=25796
#
# JRE version: Java(TM) SE Runtime Environment (17.0.12+8) (build 17.0.12+8-LTS-286)
# Java VM: Java HotSpot(TM) 64-Bit Server VM (17.0.12+8-LTS-286, mixed mode, sharing, tiered, compressed oops, compressed class ptrs, g1 gc, windows-amd64)
# No core dump will be written. Minidumps are not enabled by default on client versions of Windows
#

---------------  S U M M A R Y ------------

Command Line: --add-opens=java.base/java.lang=ALL-UNNAMED --add-opens=java.base/java.lang.invoke=ALL-UNNAMED --add-opens=java.base/java.util=ALL-UNNAMED --add-opens=java.prefs/java.util.prefs=ALL-UNNAMED --add-exports=jdk.compiler/com.sun.tools.javac.api=ALL-UNNAMED --add-exports=jdk.compiler/com.sun.tools.javac.util=ALL-UNNAMED --add-opens=java.base/java.util=ALL-UNNAMED --add-opens=java.prefs/java.util.prefs=ALL-UNNAMED --add-opens=java.base/java.nio.charset=ALL-UNNAMED --add-opens=java.base/java.net=ALL-UNNAMED --add-opens=java.base/java.util.concurrent=ALL-UNNAMED --add-opens=java.base/java.util.concurrent.atomic=ALL-UNNAMED --add-opens=java.xml/javax.xml.namespace=ALL-UNNAMED -XX:MaxMetaspaceSize=512m -Xmx2048m -Dfile.encoding=windows-1252 -Duser.country=US -Duser.language=en -Duser.variant -javaagent:D:\.gradle\wrapper\dists\gradle-9.0.0-bin\d6wjpkvcgsg3oed0qlfss3wgl\gradle-9.0.0\lib\agents\gradle-instrumentation-agent-9.0.0.jar org.gradle.launcher.daemon.bootstrap.GradleDaemon 9.0.0

Host: 12th Gen Intel(R) Core(TM) i7-1255U, 12 cores, 15G,  Windows 11 , 64 bit Build 26100 (10.0.26100.7019)
Time: Fri Dec 12 02:39:22 2025 SE Asia Standard Time elapsed time: 2747.799880 seconds (0d 0h 45m 47s)

---------------  T H R E A D  ---------------

Current thread (0x000001cd5ab7c0f0):  JavaThread "C2 CompilerThread0" daemon [_thread_in_native, id=25796, stack(0x0000009a10b00000,0x0000009a10c00000)]


Current CompileTask:
C2:2747805 36111 %     4       com.android.tools.r8.internal.le::a @ 83 (7028 bytes)

Stack: [0x0000009a10b00000,0x0000009a10c00000]
Native frames: (J=compiled Java code, j=interpreted, Vv=VM code, C=native code)
V  [jvm.dll+0x67a04a]
V  [jvm.dll+0x7da4ed]
V  [jvm.dll+0x7dbe33]
V  [jvm.dll+0x7dc4a3]
V  [jvm.dll+0x24508f]
V  [jvm.dll+0xab773]
V  [jvm.dll+0xabd3c]
V  [jvm.dll+0x2aa52f]
V  [jvm.dll+0x581eb9]
V  [jvm.dll+0x21f422]
V  [jvm.dll+0x21f81f]
V  [jvm.dll+0x218aa0]
V  [jvm.dll+0x215b65]
V  [jvm.dll+0x1a2960]
V  [jvm.dll+0x22610b]
V  [jvm.dll+0x2242ab]
V  [jvm.dll+0x79075c]
V  [jvm.dll+0x78abea]
V  [jvm.dll+0x678f35]
C  [ucrtbase.dll+0x37b0]
C  [KERNEL32.DLL+0x2e8d7]
C  [ntdll.dll+0x8c53c]


---------------  P R O C E S S  ---------------

Threads class SMR info:
_java_thread_list=0x000001cd09aa1ea0, length=219, elements={
0x000001cd3c4a1f80, 0x000001cd5ab4e510, 0x000001cd5ab51b60, 0x000001cd5ab6dcf0,
0x000001cd5ab6e5c0, 0x000001cd5ab6fa00, 0x000001cd5ab70e40, 0x000001cd5ab7c0f0,
0x000001cd5ab87130, 0x000001cd5ab87a40, 0x000001cd5a4db650, 0x000001cd5ad99270,
0x000001cd7aec5430, 0x000001cd7baed260, 0x000001cd7bb15a20, 0x000001cd7bb0d530,
0x000001cd7bb0e970, 0x000001cd7bb0c600, 0x000001cd7bb0e460, 0x000001cd7bb0f8a0,
0x000001cd7d830c00, 0x000001cd7d831110, 0x000001cd016c9ab0, 0x000001cd01e0c040,
0x000001cd01e0b620, 0x000001cd7e4dcaf0, 0x000001cd7e4df370, 0x000001cd7e4df880,
0x000001cd7e4e02a0, 0x000001cd7e4dd510, 0x000001cd7b80edd0, 0x000001cd7b80ca60,
0x000001cd7b80e3b0, 0x000001cd7b80e8c0, 0x000001cd07dad5b0, 0x000001cd07daad30,
0x000001cd07dab750, 0x000001cd07dac170, 0x000001cd07dadac0, 0x000001cd07daa310,
0x000001cd07dadfd0, 0x000001cd07daa820, 0x000001cd07daf410, 0x000001cd07db0d60,
0x000001cd07db1c90, 0x000001cd07daf920, 0x000001cd07db0850, 0x000001cd07dae9f0,
0x000001cd07dafe30, 0x000001cd07daef00, 0x000001cd07db0340, 0x000001cd07db1270,
0x000001cd07dae4e0, 0x000001cd07db26b0, 0x000001cd07db21a0, 0x000001cd07db2bc0,
0x000001cd07db3af0, 0x000001cd07db1780, 0x000001cd07db35e0, 0x000001cd07db5440,
0x000001cd07db5950, 0x000001cd07db4000, 0x000001cd07db5e60, 0x000001cd07db4f30,
0x000001cd07db6370, 0x000001cd07db6880, 0x000001cd07db30d0, 0x000001cd07db6d90,
0x000001cd07db72a0, 0x000001cd07db77b0, 0x000001cd07db7cc0, 0x000001cd07db4510,
0x000001cd07db81d0, 0x000001cd07db4a20, 0x000001cd016c6810, 0x000001cd016c5df0,
0x000001cd016c6300, 0x000001cd016c3060, 0x000001cd016c6d20, 0x000001cd016c44a0,
0x000001cd016c3570, 0x000001cd016c7230, 0x000001cd016c3a80, 0x000001cd016c7740,
0x000001cd016c3f90, 0x000001cd016c8160, 0x000001cd016c7c50, 0x000001cd016c8670,
0x000001cd016ca9e0, 0x000001cd016c8b80, 0x000001cd016c9090, 0x000001cd016c9fc0,
0x000001cd016c95a0, 0x000001cd0b482340, 0x000001cd0b47ffd0, 0x000001cd0b47f0a0,
0x000001cd0b480f00, 0x000001cd0b47f5b0, 0x000001cd0b482850, 0x000001cd0b481410,
0x000001cd0b481920, 0x000001cd0b482d60, 0x000001cd0b483270, 0x000001cd0b47fac0,
0x000001cd0b483780, 0x000001cd0b483c90, 0x000001cd0b4804e0, 0x000001cd0b4841a0,
0x000001cd0b484bc0, 0x000001cd0b486510, 0x000001cd0b4855e0, 0x000001cd0b486a20,
0x000001cd0b485af0, 0x000001cd0b486000, 0x000001cd02260050, 0x000001cd022619a0,
0x000001cd02260560, 0x000001cd0225e1f0, 0x000001cd0225f120, 0x000001cd02261eb0,
0x000001cd0225f630, 0x000001cd02260a70, 0x000001cd0225e700, 0x000001cd02260f80,
0x000001cd0225ec10, 0x000001cd022623c0, 0x000001cd022632f0, 0x000001cd02261490,
0x000001cd022628d0, 0x000001cd02264730, 0x000001cd02263800, 0x000001cd02263d10,
0x000001cd02264c40, 0x000001cd02265150, 0x000001cd02262de0, 0x000001cd02265660,
0x000001cd01e07960, 0x000001cd01e06520, 0x000001cd01e08890, 0x000001cd01e05b00,
0x000001cd01e06f40, 0x000001cd01e07e70, 0x000001cd01e07450, 0x000001cd01e055f0,
0x000001cd01e08da0, 0x000001cd01e08380, 0x000001cd01e092b0, 0x000001cd01e06010,
0x000001cd01e097c0, 0x000001cd01e09cd0, 0x000001cd01e0bb30, 0x000001cd01e0a1e0,
0x000001cd01e06a30, 0x000001cd01e0c550, 0x000001cd01e0a6f0, 0x000001cd01e0ac00,
0x000001cd01e0cf70, 0x000001cd7d831620, 0x000001cd7d832a60, 0x000001cd7d832040,
0x000001cd7d832f70, 0x000001cd7d833ea0, 0x000001cd7d833990, 0x000001cd7d8306f0,
0x000001cd7d835d00, 0x000001cd7d834dd0, 0x000001cd7d8352e0, 0x000001cd7d836c30,
0x000001cd7d836210, 0x000001cd7d836720, 0x000001cd7d837140, 0x000001cd7d837650,
0x000001cd7d837b60, 0x000001cd7d8343b0, 0x000001cd7d8348c0, 0x000001cd7d838070,
0x000001cd7e4dfd90, 0x000001cd7e4e07b0, 0x000001cd7e4dda20, 0x000001cd7e4ddf30,
0x000001cd7e4e1bf0, 0x000001cd7e4de440, 0x000001cd7e4de950, 0x000001cd7e4e2100,
0x000001cd7d43dc00, 0x000001cd7bb0da40, 0x000001cd7bb0ee80, 0x000001cd7bb0f390,
0x000001cd7bb0c0f0, 0x000001cd7bb0d020, 0x000001cd7e4e3a50, 0x000001cd7e4e11d0,
0x000001cd07db8bf0, 0x000001cd07db9b20, 0x000001cd7e4e2610, 0x000001cd7bb0df50,
0x000001cd00727bc0, 0x000001cd007276b0, 0x000001cd00725850, 0x000001cd00724e30,
0x000001cd00729a20, 0x000001cd00729f30, 0x000001cd02167cf0, 0x000001cd0216cdf0,
0x000001cd0216d300, 0x000001cd02169b50, 0x000001cd02170ab0, 0x000001cd0216f160,
0x000001cd0216d810, 0x000001cd0216f670, 0x000001cd0216fb80, 0x000001cd0216e740,
0x000001cd0216dd20, 0x000001cd02170090, 0x000001cd021705a0, 0x000001cd0216a570,
0x000001cd02168200, 0x000001cd0b71fdf0, 0x000001cd08086f90
}

Java Threads: ( => current thread )
  0x000001cd3c4a1f80 JavaThread "main" [_thread_blocked, id=26032, stack(0x0000009a0fe00000,0x0000009a0ff00000)]
  0x000001cd5ab4e510 JavaThread "Reference Handler" daemon [_thread_blocked, id=25984, stack(0x0000009a10500000,0x0000009a10600000)]
  0x000001cd5ab51b60 JavaThread "Finalizer" daemon [_thread_blocked, id=25980, stack(0x0000009a10600000,0x0000009a10700000)]
  0x000001cd5ab6dcf0 JavaThread "Signal Dispatcher" daemon [_thread_blocked, id=25252, stack(0x0000009a10700000,0x0000009a10800000)]
  0x000001cd5ab6e5c0 JavaThread "Attach Listener" daemon [_thread_blocked, id=25824, stack(0x0000009a10800000,0x0000009a10900000)]
  0x000001cd5ab6fa00 JavaThread "Service Thread" daemon [_thread_blocked, id=25816, stack(0x0000009a10900000,0x0000009a10a00000)]
  0x000001cd5ab70e40 JavaThread "Monitor Deflation Thread" daemon [_thread_blocked, id=25800, stack(0x0000009a10a00000,0x0000009a10b00000)]
=>0x000001cd5ab7c0f0 JavaThread "C2 CompilerThread0" daemon [_thread_in_native, id=25796, stack(0x0000009a10b00000,0x0000009a10c00000)]
  0x000001cd5ab87130 JavaThread "C1 CompilerThread0" daemon [_thread_in_vm, id=19512, stack(0x0000009a10c00000,0x0000009a10d00000)]
  0x000001cd5ab87a40 JavaThread "Sweeper thread" daemon [_thread_blocked, id=25804, stack(0x0000009a10d00000,0x0000009a10e00000)]
  0x000001cd5a4db650 JavaThread "Common-Cleaner" daemon [_thread_blocked, id=25812, stack(0x0000009a10e00000,0x0000009a10f00000)]
  0x000001cd5ad99270 JavaThread "Notification Thread" daemon [_thread_blocked, id=25808, stack(0x0000009a10f00000,0x0000009a11000000)]
  0x000001cd7aec5430 JavaThread "Daemon health stats" [_thread_blocked, id=2740, stack(0x0000009a11100000,0x0000009a11200000)]
  0x000001cd7baed260 JavaThread "Incoming local TCP Connector on port 56166" [_thread_in_native, id=8508, stack(0x0000009a11800000,0x0000009a11900000)]
  0x000001cd7bb15a20 JavaThread "Daemon periodic checks" [_thread_blocked, id=14856, stack(0x0000009a11900000,0x0000009a11a00000)]
  0x000001cd7bb0d530 JavaThread "Cache worker for journal cache (D:\.gradle\caches\journal-1)" [_thread_blocked, id=22472, stack(0x0000009a12100000,0x0000009a12200000)]
  0x000001cd7bb0e970 JavaThread "File lock request listener" [_thread_in_native, id=17860, stack(0x0000009a12200000,0x0000009a12300000)]
  0x000001cd7bb0c600 JavaThread "Cache worker for file hash cache (D:\.gradle\caches\9.0.0\fileHashes)" [_thread_blocked, id=26088, stack(0x0000009a12300000,0x0000009a12400000)]
  0x000001cd7bb0e460 JavaThread "File watcher server" daemon [_thread_in_native, id=13928, stack(0x0000009a12c00000,0x0000009a12d00000)]
  0x000001cd7bb0f8a0 JavaThread "File watcher consumer" daemon [_thread_blocked, id=24924, stack(0x0000009a12d00000,0x0000009a12e00000)]
  0x000001cd7d830c00 JavaThread "Cache worker for file content cache (D:\.gradle\caches\9.0.0\fileContent)" [_thread_blocked, id=1980, stack(0x0000009a12f00000,0x0000009a13000000)]
  0x000001cd7d831110 JavaThread "jar transforms" [_thread_blocked, id=22232, stack(0x0000009a13300000,0x0000009a13400000)]
  0x000001cd016c9ab0 JavaThread "Memory manager" [_thread_blocked, id=25716, stack(0x0000009a13800000,0x0000009a13900000)]
  0x000001cd01e0c040 JavaThread "jar transforms Thread 2" [_thread_blocked, id=21596, stack(0x0000009a15d00000,0x0000009a15e00000)]
  0x000001cd01e0b620 JavaThread "jar transforms Thread 3" [_thread_blocked, id=26384, stack(0x0000009a15e00000,0x0000009a15f00000)]
  0x000001cd7e4dcaf0 JavaThread "jar transforms Thread 4" [_thread_blocked, id=14160, stack(0x0000009a1c300000,0x0000009a1c400000)]
  0x000001cd7e4df370 JavaThread "jar transforms Thread 5" [_thread_blocked, id=15168, stack(0x0000009a1ce00000,0x0000009a1cf00000)]
  0x000001cd7e4df880 JavaThread "jar transforms Thread 6" [_thread_blocked, id=6944, stack(0x0000009a1cf00000,0x0000009a1d000000)]
  0x000001cd7e4e02a0 JavaThread "jar transforms Thread 7" [_thread_blocked, id=13280, stack(0x0000009a1d200000,0x0000009a1d300000)]
  0x000001cd7e4dd510 JavaThread "jar transforms Thread 8" [_thread_blocked, id=8584, stack(0x0000009a1d300000,0x0000009a1d400000)]
  0x000001cd7b80edd0 JavaThread "jar transforms Thread 9" [_thread_blocked, id=4872, stack(0x0000009a0fc00000,0x0000009a0fd00000)]
  0x000001cd7b80ca60 JavaThread "jar transforms Thread 10" [_thread_blocked, id=6080, stack(0x0000009a0fd00000,0x0000009a0fe00000)]
  0x000001cd7b80e3b0 JavaThread "jar transforms Thread 11" [_thread_blocked, id=12908, stack(0x0000009a1d500000,0x0000009a1d600000)]
  0x000001cd7b80e8c0 JavaThread "jar transforms Thread 12" [_thread_blocked, id=19164, stack(0x0000009a1d000000,0x0000009a1d100000)]
  0x000001cd07dad5b0 JavaThread "Daemon Thread 2" [_thread_blocked, id=28284, stack(0x0000009a0fb00000,0x0000009a0fc00000)]
  0x000001cd07daad30 JavaThread "Handler for socket connection from /127.0.0.1:56166 to /127.0.0.1:63532" [_thread_in_native, id=28640, stack(0x0000009a11200000,0x0000009a11300000)]
  0x000001cd07dab750 JavaThread "Cancel handler" [_thread_blocked, id=2292, stack(0x0000009a11a00000,0x0000009a11b00000)]
  0x000001cd07dac170 JavaThread "Daemon worker Thread 2" [_thread_blocked, id=20408, stack(0x0000009a11b00000,0x0000009a11c00000)]
  0x000001cd07dadac0 JavaThread "Asynchronous log dispatcher for DefaultDaemonConnection: socket connection from /127.0.0.1:56166 to /127.0.0.1:63532" [_thread_blocked, id=1808, stack(0x0000009a11c00000,0x0000009a11d00000)]
  0x000001cd07daa310 JavaThread "Stdin handler" [_thread_blocked, id=24608, stack(0x0000009a11d00000,0x0000009a11e00000)]
  0x000001cd07dadfd0 JavaThread "Daemon client event forwarder" [_thread_blocked, id=24420, stack(0x0000009a11e00000,0x0000009a11f00000)]
  0x000001cd07daa820 JavaThread "Cache worker for file hash cache (D:\Audri\ReminderApps\android\.gradle\9.0.0\fileHashes)" [_thread_blocked, id=10164, stack(0x0000009a11f00000,0x0000009a12000000)]
  0x000001cd07daf410 JavaThread "Cache worker for Build Output Cleanup Cache (D:\Audri\ReminderApps\android\.gradle\buildOutputCleanup)" [_thread_blocked, id=4940, stack(0x0000009a12000000,0x0000009a12100000)]
  0x000001cd07db0d60 JavaThread "Cache worker for checksums cache (D:\Audri\ReminderApps\android\.gradle\9.0.0\checksums)" [_thread_blocked, id=20952, stack(0x0000009a12a00000,0x0000009a12b00000)]
  0x000001cd07db1c90 JavaThread "Cache worker for cache directory md-supplier (D:\.gradle\caches\9.0.0\md-supplier)" [_thread_blocked, id=22824, stack(0x0000009a12b00000,0x0000009a12c00000)]
  0x000001cd07daf920 JavaThread "Cache worker for cache directory md-rule (D:\.gradle\caches\9.0.0\md-rule)" [_thread_blocked, id=24804, stack(0x0000009a12e00000,0x0000009a12f00000)]
  0x000001cd07db0850 JavaThread "Cache worker for Build Output Cleanup Cache (D:\Audri\ReminderApps\node_modules\@react-native\gradle-plugin\.gradle\buildOutputCleanup)" [_thread_blocked, id=27848, stack(0x0000009a13000000,0x0000009a13100000)]
  0x000001cd07dae9f0 JavaThread "Unconstrained build operations" [_thread_blocked, id=24196, stack(0x0000009a13100000,0x0000009a13200000)]
  0x000001cd07dafe30 JavaThread "Unconstrained build operations Thread 2" [_thread_blocked, id=27456, stack(0x0000009a13200000,0x0000009a13300000)]
  0x000001cd07daef00 JavaThread "Unconstrained build operations Thread 3" [_thread_blocked, id=10124, stack(0x0000009a13400000,0x0000009a13500000)]
  0x000001cd07db0340 JavaThread "Unconstrained build operations Thread 4" [_thread_blocked, id=25316, stack(0x0000009a13500000,0x0000009a13600000)]
  0x000001cd07db1270 JavaThread "Unconstrained build operations Thread 5" [_thread_blocked, id=26456, stack(0x0000009a13900000,0x0000009a13a00000)]
  0x000001cd07dae4e0 JavaThread "Unconstrained build operations Thread 6" [_thread_blocked, id=22200, stack(0x0000009a13a00000,0x0000009a13b00000)]
  0x000001cd07db26b0 JavaThread "Unconstrained build operations Thread 7" [_thread_blocked, id=17040, stack(0x0000009a13b00000,0x0000009a13c00000)]
  0x000001cd07db21a0 JavaThread "Unconstrained build operations Thread 8" [_thread_blocked, id=21260, stack(0x0000009a13c00000,0x0000009a13d00000)]
  0x000001cd07db2bc0 JavaThread "Unconstrained build operations Thread 9" [_thread_blocked, id=24192, stack(0x0000009a13d00000,0x0000009a13e00000)]
  0x000001cd07db3af0 JavaThread "Unconstrained build operations Thread 10" [_thread_blocked, id=17488, stack(0x0000009a13e00000,0x0000009a13f00000)]
  0x000001cd07db1780 JavaThread "Unconstrained build operations Thread 11" [_thread_blocked, id=25008, stack(0x0000009a13f00000,0x0000009a14000000)]
  0x000001cd07db35e0 JavaThread "Unconstrained build operations Thread 12" [_thread_blocked, id=27560, stack(0x0000009a14000000,0x0000009a14100000)]
  0x000001cd07db5440 JavaThread "Unconstrained build operations Thread 13" [_thread_blocked, id=4296, stack(0x0000009a14100000,0x0000009a14200000)]
  0x000001cd07db5950 JavaThread "Unconstrained build operations Thread 14" [_thread_blocked, id=9840, stack(0x0000009a14200000,0x0000009a14300000)]
  0x000001cd07db4000 JavaThread "Unconstrained build operations Thread 15" [_thread_blocked, id=1536, stack(0x0000009a14300000,0x0000009a14400000)]
  0x000001cd07db5e60 JavaThread "Unconstrained build operations Thread 16" [_thread_blocked, id=26796, stack(0x0000009a14400000,0x0000009a14500000)]
  0x000001cd07db4f30 JavaThread "Unconstrained build operations Thread 17" [_thread_blocked, id=6908, stack(0x0000009a14500000,0x0000009a14600000)]
  0x000001cd07db6370 JavaThread "Unconstrained build operations Thread 18" [_thread_blocked, id=24988, stack(0x0000009a14600000,0x0000009a14700000)]
  0x000001cd07db6880 JavaThread "Unconstrained build operations Thread 19" [_thread_blocked, id=19052, stack(0x0000009a14700000,0x0000009a14800000)]
  0x000001cd07db30d0 JavaThread "Unconstrained build operations Thread 20" [_thread_blocked, id=26220, stack(0x0000009a14800000,0x0000009a14900000)]
  0x000001cd07db6d90 JavaThread "Unconstrained build operations Thread 21" [_thread_blocked, id=804, stack(0x0000009a14900000,0x0000009a14a00000)]
  0x000001cd07db72a0 JavaThread "Unconstrained build operations Thread 22" [_thread_blocked, id=25644, stack(0x0000009a14a00000,0x0000009a14b00000)]
  0x000001cd07db77b0 JavaThread "Unconstrained build operations Thread 23" [_thread_blocked, id=14116, stack(0x0000009a14b00000,0x0000009a14c00000)]
  0x000001cd07db7cc0 JavaThread "Unconstrained build operations Thread 24" [_thread_blocked, id=800, stack(0x0000009a14c00000,0x0000009a14d00000)]
  0x000001cd07db4510 JavaThread "Unconstrained build operations Thread 25" [_thread_blocked, id=16444, stack(0x0000009a14d00000,0x0000009a14e00000)]
  0x000001cd07db81d0 JavaThread "Unconstrained build operations Thread 26" [_thread_blocked, id=21988, stack(0x0000009a14e00000,0x0000009a14f00000)]
  0x000001cd07db4a20 JavaThread "build event listener" [_thread_blocked, id=24292, stack(0x0000009a14f00000,0x0000009a15000000)]
  0x000001cd016c6810 JavaThread "ForkJoinPool.commonPool-worker-20" daemon [_thread_blocked, id=27888, stack(0x0000009a15800000,0x0000009a15900000)]
  0x000001cd016c5df0 JavaThread "included builds" [_thread_blocked, id=856, stack(0x0000009a15900000,0x0000009a15a00000)]
  0x000001cd016c6300 JavaThread "Execution worker" [_thread_blocked, id=2904, stack(0x0000009a15a00000,0x0000009a15b00000)]
  0x000001cd016c3060 JavaThread "Execution worker Thread 2" [_thread_blocked, id=24640, stack(0x0000009a15b00000,0x0000009a15c00000)]
  0x000001cd016c6d20 JavaThread "Execution worker Thread 3" [_thread_blocked, id=13536, stack(0x0000009a15c00000,0x0000009a15d00000)]
  0x000001cd016c44a0 JavaThread "Execution worker Thread 4" [_thread_blocked, id=1624, stack(0x0000009a15f00000,0x0000009a16000000)]
  0x000001cd016c3570 JavaThread "Execution worker Thread 5" [_thread_blocked, id=19752, stack(0x0000009a16000000,0x0000009a16100000)]
  0x000001cd016c7230 JavaThread "Execution worker Thread 6" [_thread_blocked, id=28368, stack(0x0000009a16100000,0x0000009a16200000)]
  0x000001cd016c3a80 JavaThread "Execution worker Thread 7" [_thread_blocked, id=22812, stack(0x0000009a16200000,0x0000009a16300000)]
  0x000001cd016c7740 JavaThread "Execution worker Thread 8" [_thread_blocked, id=3224, stack(0x0000009a16300000,0x0000009a16400000)]
  0x000001cd016c3f90 JavaThread "Execution worker Thread 9" [_thread_blocked, id=22868, stack(0x0000009a16400000,0x0000009a16500000)]
  0x000001cd016c8160 JavaThread "Execution worker Thread 10" [_thread_blocked, id=25848, stack(0x0000009a16500000,0x0000009a16600000)]
  0x000001cd016c7c50 JavaThread "Execution worker Thread 11" [_thread_blocked, id=27816, stack(0x0000009a16600000,0x0000009a16700000)]
  0x000001cd016c8670 JavaThread "Cache worker for execution history cache (D:\Audri\ReminderApps\node_modules\@react-native\gradle-plugin\.gradle\9.0.0\executionHistory)" [_thread_blocked, id=21796, stack(0x0000009a16700000,0x0000009a16800000)]
  0x000001cd016ca9e0 JavaThread "Unconstrained build operations Thread 27" [_thread_blocked, id=16740, stack(0x0000009a16800000,0x0000009a16900000)]
  0x000001cd016c8b80 JavaThread "Unconstrained build operations Thread 28" [_thread_blocked, id=7036, stack(0x0000009a16900000,0x0000009a16a00000)]
  0x000001cd016c9090 JavaThread "Unconstrained build operations Thread 29" [_thread_blocked, id=27920, stack(0x0000009a16a00000,0x0000009a16b00000)]
  0x000001cd016c9fc0 JavaThread "Unconstrained build operations Thread 30" [_thread_blocked, id=11952, stack(0x0000009a16b00000,0x0000009a16c00000)]
  0x000001cd016c95a0 JavaThread "Unconstrained build operations Thread 31" [_thread_blocked, id=27352, stack(0x0000009a16c00000,0x0000009a16d00000)]
  0x000001cd0b482340 JavaThread "Unconstrained build operations Thread 32" [_thread_blocked, id=26248, stack(0x0000009a16d00000,0x0000009a16e00000)]
  0x000001cd0b47ffd0 JavaThread "Unconstrained build operations Thread 33" [_thread_blocked, id=12144, stack(0x0000009a16e00000,0x0000009a16f00000)]
  0x000001cd0b47f0a0 JavaThread "Unconstrained build operations Thread 34" [_thread_blocked, id=22552, stack(0x0000009a16f00000,0x0000009a17000000)]
  0x000001cd0b480f00 JavaThread "Unconstrained build operations Thread 35" [_thread_blocked, id=18932, stack(0x0000009a17000000,0x0000009a17100000)]
  0x000001cd0b47f5b0 JavaThread "Unconstrained build operations Thread 36" [_thread_blocked, id=17020, stack(0x0000009a17100000,0x0000009a17200000)]
  0x000001cd0b482850 JavaThread "Unconstrained build operations Thread 37" [_thread_blocked, id=25684, stack(0x0000009a17200000,0x0000009a17300000)]
  0x000001cd0b481410 JavaThread "Unconstrained build operations Thread 38" [_thread_blocked, id=22816, stack(0x0000009a17300000,0x0000009a17400000)]
  0x000001cd0b481920 JavaThread "Unconstrained build operations Thread 39" [_thread_blocked, id=22752, stack(0x0000009a17400000,0x0000009a17500000)]
  0x000001cd0b482d60 JavaThread "Unconstrained build operations Thread 40" [_thread_blocked, id=24964, stack(0x0000009a17500000,0x0000009a17600000)]
  0x000001cd0b483270 JavaThread "Unconstrained build operations Thread 41" [_thread_blocked, id=3688, stack(0x0000009a17600000,0x0000009a17700000)]
  0x000001cd0b47fac0 JavaThread "Unconstrained build operations Thread 42" [_thread_blocked, id=27284, stack(0x0000009a17700000,0x0000009a17800000)]
  0x000001cd0b483780 JavaThread "Unconstrained build operations Thread 43" [_thread_blocked, id=26816, stack(0x0000009a17800000,0x0000009a17900000)]
  0x000001cd0b483c90 JavaThread "Unconstrained build operations Thread 44" [_thread_blocked, id=18804, stack(0x0000009a17900000,0x0000009a17a00000)]
  0x000001cd0b4804e0 JavaThread "Unconstrained build operations Thread 45" [_thread_blocked, id=16360, stack(0x0000009a17a00000,0x0000009a17b00000)]
  0x000001cd0b4841a0 JavaThread "Unconstrained build operations Thread 46" [_thread_blocked, id=16908, stack(0x0000009a17b00000,0x0000009a17c00000)]
  0x000001cd0b484bc0 JavaThread "Unconstrained build operations Thread 47" [_thread_blocked, id=26060, stack(0x0000009a17c00000,0x0000009a17d00000)]
  0x000001cd0b486510 JavaThread "Unconstrained build operations Thread 48" [_thread_blocked, id=9916, stack(0x0000009a17d00000,0x0000009a17e00000)]
  0x000001cd0b4855e0 JavaThread "Unconstrained build operations Thread 49" [_thread_blocked, id=26404, stack(0x0000009a17e00000,0x0000009a17f00000)]
  0x000001cd0b486a20 JavaThread "Unconstrained build operations Thread 50" [_thread_blocked, id=19992, stack(0x0000009a17f00000,0x0000009a18000000)]
  0x000001cd0b485af0 JavaThread "Unconstrained build operations Thread 51" [_thread_blocked, id=23372, stack(0x0000009a18000000,0x0000009a18100000)]
  0x000001cd0b486000 JavaThread "Unconstrained build operations Thread 52" [_thread_blocked, id=4376, stack(0x0000009a18100000,0x0000009a18200000)]
  0x000001cd02260050 JavaThread "Unconstrained build operations Thread 53" [_thread_blocked, id=6444, stack(0x0000009a18200000,0x0000009a18300000)]
  0x000001cd022619a0 JavaThread "Unconstrained build operations Thread 54" [_thread_blocked, id=24468, stack(0x0000009a18300000,0x0000009a18400000)]
  0x000001cd02260560 JavaThread "Unconstrained build operations Thread 55" [_thread_blocked, id=19236, stack(0x0000009a18400000,0x0000009a18500000)]
  0x000001cd0225e1f0 JavaThread "Unconstrained build operations Thread 56" [_thread_blocked, id=28588, stack(0x0000009a18500000,0x0000009a18600000)]
  0x000001cd0225f120 JavaThread "Unconstrained build operations Thread 57" [_thread_blocked, id=17088, stack(0x0000009a18600000,0x0000009a18700000)]
  0x000001cd02261eb0 JavaThread "Unconstrained build operations Thread 58" [_thread_blocked, id=16892, stack(0x0000009a18700000,0x0000009a18800000)]
  0x000001cd0225f630 JavaThread "Unconstrained build operations Thread 59" [_thread_blocked, id=18464, stack(0x0000009a18800000,0x0000009a18900000)]
  0x000001cd02260a70 JavaThread "Unconstrained build operations Thread 60" [_thread_blocked, id=28068, stack(0x0000009a18900000,0x0000009a18a00000)]
  0x000001cd0225e700 JavaThread "Unconstrained build operations Thread 61" [_thread_blocked, id=26916, stack(0x0000009a18a00000,0x0000009a18b00000)]
  0x000001cd02260f80 JavaThread "Unconstrained build operations Thread 62" [_thread_blocked, id=6564, stack(0x0000009a18b00000,0x0000009a18c00000)]
  0x000001cd0225ec10 JavaThread "Unconstrained build operations Thread 63" [_thread_blocked, id=27940, stack(0x0000009a18c00000,0x0000009a18d00000)]
  0x000001cd022623c0 JavaThread "Unconstrained build operations Thread 64" [_thread_blocked, id=27528, stack(0x0000009a18d00000,0x0000009a18e00000)]
  0x000001cd022632f0 JavaThread "Unconstrained build operations Thread 65" [_thread_blocked, id=15832, stack(0x0000009a18e00000,0x0000009a18f00000)]
  0x000001cd02261490 JavaThread "Unconstrained build operations Thread 66" [_thread_blocked, id=21528, stack(0x0000009a18f00000,0x0000009a19000000)]
  0x000001cd022628d0 JavaThread "Unconstrained build operations Thread 67" [_thread_blocked, id=19384, stack(0x0000009a19000000,0x0000009a19100000)]
  0x000001cd02264730 JavaThread "Unconstrained build operations Thread 68" [_thread_blocked, id=26308, stack(0x0000009a19100000,0x0000009a19200000)]
  0x000001cd02263800 JavaThread "Unconstrained build operations Thread 69" [_thread_blocked, id=18236, stack(0x0000009a19200000,0x0000009a19300000)]
  0x000001cd02263d10 JavaThread "Unconstrained build operations Thread 70" [_thread_blocked, id=25216, stack(0x0000009a19300000,0x0000009a19400000)]
  0x000001cd02264c40 JavaThread "Unconstrained build operations Thread 71" [_thread_blocked, id=25048, stack(0x0000009a19400000,0x0000009a19500000)]
  0x000001cd02265150 JavaThread "Unconstrained build operations Thread 72" [_thread_blocked, id=25844, stack(0x0000009a19500000,0x0000009a19600000)]
  0x000001cd02262de0 JavaThread "Unconstrained build operations Thread 73" [_thread_blocked, id=27800, stack(0x0000009a19600000,0x0000009a19700000)]
  0x000001cd02265660 JavaThread "Unconstrained build operations Thread 74" [_thread_blocked, id=15212, stack(0x0000009a19700000,0x0000009a19800000)]
  0x000001cd01e07960 JavaThread "Unconstrained build operations Thread 75" [_thread_blocked, id=15164, stack(0x0000009a19800000,0x0000009a19900000)]
  0x000001cd01e06520 JavaThread "Unconstrained build operations Thread 76" [_thread_blocked, id=13752, stack(0x0000009a19900000,0x0000009a19a00000)]
  0x000001cd01e08890 JavaThread "Unconstrained build operations Thread 77" [_thread_blocked, id=20004, stack(0x0000009a19a00000,0x0000009a19b00000)]
  0x000001cd01e05b00 JavaThread "Unconstrained build operations Thread 78" [_thread_blocked, id=1220, stack(0x0000009a19b00000,0x0000009a19c00000)]
  0x000001cd01e06f40 JavaThread "Unconstrained build operations Thread 79" [_thread_blocked, id=23348, stack(0x0000009a19c00000,0x0000009a19d00000)]
  0x000001cd01e07e70 JavaThread "Unconstrained build operations Thread 80" [_thread_blocked, id=19848, stack(0x0000009a19d00000,0x0000009a19e00000)]
  0x000001cd01e07450 JavaThread "Unconstrained build operations Thread 81" [_thread_blocked, id=24184, stack(0x0000009a19e00000,0x0000009a19f00000)]
  0x000001cd01e055f0 JavaThread "Unconstrained build operations Thread 82" [_thread_blocked, id=26772, stack(0x0000009a19f00000,0x0000009a1a000000)]
  0x000001cd01e08da0 JavaThread "Unconstrained build operations Thread 83" [_thread_blocked, id=28012, stack(0x0000009a1a000000,0x0000009a1a100000)]
  0x000001cd01e08380 JavaThread "Unconstrained build operations Thread 84" [_thread_blocked, id=11612, stack(0x0000009a1a100000,0x0000009a1a200000)]
  0x000001cd01e092b0 JavaThread "Unconstrained build operations Thread 85" [_thread_blocked, id=11344, stack(0x0000009a1a200000,0x0000009a1a300000)]
  0x000001cd01e06010 JavaThread "Unconstrained build operations Thread 86" [_thread_blocked, id=28616, stack(0x0000009a1a300000,0x0000009a1a400000)]
  0x000001cd01e097c0 JavaThread "Unconstrained build operations Thread 87" [_thread_blocked, id=27680, stack(0x0000009a1a400000,0x0000009a1a500000)]
  0x000001cd01e09cd0 JavaThread "Unconstrained build operations Thread 88" [_thread_blocked, id=28492, stack(0x0000009a1a500000,0x0000009a1a600000)]
  0x000001cd01e0bb30 JavaThread "Unconstrained build operations Thread 89" [_thread_blocked, id=14264, stack(0x0000009a1a600000,0x0000009a1a700000)]
  0x000001cd01e0a1e0 JavaThread "Unconstrained build operations Thread 90" [_thread_blocked, id=19592, stack(0x0000009a1a700000,0x0000009a1a800000)]
  0x000001cd01e06a30 JavaThread "Unconstrained build operations Thread 91" [_thread_blocked, id=25900, stack(0x0000009a1a800000,0x0000009a1a900000)]
  0x000001cd01e0c550 JavaThread "Unconstrained build operations Thread 92" [_thread_blocked, id=14752, stack(0x0000009a1a900000,0x0000009a1aa00000)]
  0x000001cd01e0a6f0 JavaThread "Unconstrained build operations Thread 93" [_thread_blocked, id=28272, stack(0x0000009a1aa00000,0x0000009a1ab00000)]
  0x000001cd01e0ac00 JavaThread "Unconstrained build operations Thread 94" [_thread_blocked, id=28632, stack(0x0000009a1ab00000,0x0000009a1ac00000)]
  0x000001cd01e0cf70 JavaThread "Unconstrained build operations Thread 95" [_thread_blocked, id=27180, stack(0x0000009a1ac00000,0x0000009a1ad00000)]
  0x000001cd7d831620 JavaThread "Unconstrained build operations Thread 96" [_thread_blocked, id=15276, stack(0x0000009a1ad00000,0x0000009a1ae00000)]
  0x000001cd7d832a60 JavaThread "Unconstrained build operations Thread 97" [_thread_blocked, id=12976, stack(0x0000009a1ae00000,0x0000009a1af00000)]
  0x000001cd7d832040 JavaThread "Unconstrained build operations Thread 98" [_thread_blocked, id=26436, stack(0x0000009a1af00000,0x0000009a1b000000)]
  0x000001cd7d832f70 JavaThread "Unconstrained build operations Thread 99" [_thread_blocked, id=22956, stack(0x0000009a1b000000,0x0000009a1b100000)]
  0x000001cd7d833ea0 JavaThread "Unconstrained build operations Thread 100" [_thread_blocked, id=19516, stack(0x0000009a1b100000,0x0000009a1b200000)]
  0x000001cd7d833990 JavaThread "build event listener" [_thread_blocked, id=18304, stack(0x0000009a13700000,0x0000009a13800000)]
  0x000001cd7d8306f0 JavaThread "Problems report writer" [_thread_blocked, id=14760, stack(0x0000009a1b300000,0x0000009a1b400000)]
  0x000001cd7d835d00 JavaThread "Unconstrained build operations Thread 101" [_thread_blocked, id=7296, stack(0x0000009a1b400000,0x0000009a1b500000)]
  0x000001cd7d834dd0 JavaThread "Unconstrained build operations Thread 102" [_thread_blocked, id=27812, stack(0x0000009a1b500000,0x0000009a1b600000)]
  0x000001cd7d8352e0 JavaThread "Unconstrained build operations Thread 103" [_thread_blocked, id=18992, stack(0x0000009a1b600000,0x0000009a1b700000)]
  0x000001cd7d836c30 JavaThread "Unconstrained build operations Thread 104" [_thread_blocked, id=15652, stack(0x0000009a1b700000,0x0000009a1b800000)]
  0x000001cd7d836210 JavaThread "Unconstrained build operations Thread 105" [_thread_blocked, id=24496, stack(0x0000009a1b800000,0x0000009a1b900000)]
  0x000001cd7d836720 JavaThread "Unconstrained build operations Thread 106" [_thread_blocked, id=25480, stack(0x0000009a1b900000,0x0000009a1ba00000)]
  0x000001cd7d837140 JavaThread "Unconstrained build operations Thread 107" [_thread_blocked, id=24296, stack(0x0000009a1ba00000,0x0000009a1bb00000)]
  0x000001cd7d837650 JavaThread "Unconstrained build operations Thread 108" [_thread_blocked, id=13168, stack(0x0000009a1bb00000,0x0000009a1bc00000)]
  0x000001cd7d837b60 JavaThread "Unconstrained build operations Thread 109" [_thread_blocked, id=8320, stack(0x0000009a1bc00000,0x0000009a1bd00000)]
  0x000001cd7d8343b0 JavaThread "Unconstrained build operations Thread 110" [_thread_blocked, id=24500, stack(0x0000009a1bd00000,0x0000009a1be00000)]
  0x000001cd7d8348c0 JavaThread "Unconstrained build operations Thread 111" [_thread_blocked, id=8032, stack(0x0000009a1be00000,0x0000009a1bf00000)]
  0x000001cd7d838070 JavaThread "Unconstrained build operations Thread 112" [_thread_blocked, id=1532, stack(0x0000009a1bf00000,0x0000009a1c000000)]
  0x000001cd7e4dfd90 JavaThread "Unconstrained build operations Thread 113" [_thread_blocked, id=9224, stack(0x0000009a1c000000,0x0000009a1c100000)]
  0x000001cd7e4e07b0 JavaThread "Unconstrained build operations Thread 114" [_thread_blocked, id=25708, stack(0x0000009a1c100000,0x0000009a1c200000)]
  0x000001cd7e4dda20 JavaThread "Unconstrained build operations Thread 115" [_thread_blocked, id=22088, stack(0x0000009a1c200000,0x0000009a1c300000)]
  0x000001cd7e4ddf30 JavaThread "Unconstrained build operations Thread 116" [_thread_blocked, id=14556, stack(0x0000009a1c400000,0x0000009a1c500000)]
  0x000001cd7e4e1bf0 JavaThread "Unconstrained build operations Thread 117" [_thread_blocked, id=27948, stack(0x0000009a1c500000,0x0000009a1c600000)]
  0x000001cd7e4de440 JavaThread "Unconstrained build operations Thread 118" [_thread_blocked, id=26992, stack(0x0000009a1c600000,0x0000009a1c700000)]
  0x000001cd7e4de950 JavaThread "Unconstrained build operations Thread 119" [_thread_blocked, id=6700, stack(0x0000009a1c700000,0x0000009a1c800000)]
  0x000001cd7e4e2100 JavaThread "Unconstrained build operations Thread 120" [_thread_blocked, id=21588, stack(0x0000009a1c800000,0x0000009a1c900000)]
  0x000001cd7d43dc00 JavaThread "Cache worker for execution history cache (D:\Audri\ReminderApps\android\.gradle\9.0.0\executionHistory)" [_thread_blocked, id=24672, stack(0x0000009a1d400000,0x0000009a1d500000)]
  0x000001cd7bb0da40 JavaThread "WorkerExecutor Queue" [_thread_blocked, id=25236, stack(0x0000009a13600000,0x0000009a13700000)]
  0x000001cd7bb0ee80 JavaThread "WorkerExecutor Queue Thread 2" [_thread_blocked, id=25036, stack(0x0000009a15000000,0x0000009a15100000)]
  0x000001cd7bb0f390 JavaThread "WorkerExecutor Queue Thread 4" [_thread_blocked, id=9284, stack(0x0000009a15600000,0x0000009a15700000)]
  0x000001cd7bb0c0f0 JavaThread "WorkerExecutor Queue Thread 5" [_thread_blocked, id=5224, stack(0x0000009a1b200000,0x0000009a1b300000)]
  0x000001cd7bb0d020 JavaThread "WorkerExecutor Queue Thread 6" [_thread_blocked, id=26232, stack(0x0000009a15500000,0x0000009a15600000)]
  0x000001cd7e4e3a50 JavaThread "WorkerExecutor Queue Thread 8" [_thread_blocked, id=4592, stack(0x0000009a1cc00000,0x0000009a1cd00000)]
  0x000001cd7e4e11d0 JavaThread "WorkerExecutor Queue Thread 9" [_thread_blocked, id=3816, stack(0x0000009a1cd00000,0x0000009a1ce00000)]
  0x000001cd07db8bf0 JavaThread "WorkerExecutor Queue Thread 10" [_thread_blocked, id=24984, stack(0x0000009a1d100000,0x0000009a1d200000)]
  0x000001cd07db9b20 JavaThread "WorkerExecutor Queue Thread 12" [_thread_blocked, id=21544, stack(0x0000009a1d600000,0x0000009a1d700000)]
  0x000001cd7e4e2610 JavaThread "RMI Scheduler(0)" daemon [_thread_blocked, id=25692, stack(0x0000009a1d700000,0x0000009a1d800000)]
  0x000001cd7bb0df50 JavaThread "RMI GC Daemon" daemon [_thread_blocked, id=2276, stack(0x0000009a1de00000,0x0000009a1df00000)]
  0x000001cd00727bc0 JavaThread "RMI TCP Accept-0" daemon [_thread_in_native, id=26392, stack(0x0000009a1e100000,0x0000009a1e200000)]
  0x000001cd007276b0 JavaThread "RMI Reaper" [_thread_blocked, id=23020, stack(0x0000009a1e200000,0x0000009a1e300000)]
  0x000001cd00725850 JavaThread "RMI TCP Connection(idle)" daemon [_thread_blocked, id=19224, stack(0x0000009a1e500000,0x0000009a1e600000)]
  0x000001cd00724e30 JavaThread "WorkerExecutor Queue Thread 14" [_thread_blocked, id=17312, stack(0x0000009a1df00000,0x0000009a1e000000)]
  0x000001cd00729a20 JavaThread "Exec process Thread 14" [_thread_blocked, id=25232, stack(0x0000009a1ec00000,0x0000009a1ed00000)]
  0x000001cd00729f30 JavaThread "Exec process Thread 20" [_thread_blocked, id=892, stack(0x0000009a1f200000,0x0000009a1f300000)]
  0x000001cd02167cf0 JavaThread "Exec process Thread 33" [_thread_blocked, id=28560, stack(0x0000009a20000000,0x0000009a20100000)]
  0x000001cd0216cdf0 JavaThread "Cache worker for Java compile cache (D:\.gradle\caches\9.0.0\javaCompile)" [_thread_blocked, id=16644, stack(0x0000009a20500000,0x0000009a20600000)]
  0x000001cd0216d300 JavaThread "Build operations" [_thread_blocked, id=13388, stack(0x0000009a20300000,0x0000009a20400000)]
  0x000001cd02169b50 JavaThread "Build operations Thread 2" [_thread_blocked, id=28412, stack(0x0000009a20600000,0x0000009a20700000)]
  0x000001cd02170ab0 JavaThread "Build operations Thread 3" [_thread_blocked, id=23840, stack(0x0000009a20700000,0x0000009a20800000)]
  0x000001cd0216f160 JavaThread "Build operations Thread 4" [_thread_blocked, id=28384, stack(0x0000009a20800000,0x0000009a20900000)]
  0x000001cd0216d810 JavaThread "Build operations Thread 5" [_thread_blocked, id=14276, stack(0x0000009a20900000,0x0000009a20a00000)]
  0x000001cd0216f670 JavaThread "Build operations Thread 6" [_thread_blocked, id=7732, stack(0x0000009a20a00000,0x0000009a20b00000)]
  0x000001cd0216fb80 JavaThread "Build operations Thread 7" [_thread_blocked, id=22468, stack(0x0000009a20b00000,0x0000009a20c00000)]
  0x000001cd0216e740 JavaThread "Build operations Thread 8" [_thread_blocked, id=27096, stack(0x0000009a20c00000,0x0000009a20d00000)]
  0x000001cd0216dd20 JavaThread "Build operations Thread 9" [_thread_blocked, id=6988, stack(0x0000009a20d00000,0x0000009a20e00000)]
  0x000001cd02170090 JavaThread "Build operations Thread 10" [_thread_blocked, id=19132, stack(0x0000009a20e00000,0x0000009a20f00000)]
  0x000001cd021705a0 JavaThread "Build operations Thread 11" [_thread_blocked, id=27600, stack(0x0000009a20f00000,0x0000009a21000000)]
  0x000001cd0216a570 JavaThread "Build operations Thread 12" [_thread_blocked, id=11480, stack(0x0000009a15400000,0x0000009a15500000)]
  0x000001cd02168200 JavaThread "WorkerExecutor Queue Thread 15" [_thread_blocked, id=28008, stack(0x0000009a15200000,0x0000009a15300000)]
  0x000001cd0b71fdf0 JavaThread "C2 CompilerThread1" daemon [_thread_in_vm, id=19332, stack(0x0000009a15100000,0x0000009a15200000)]
  0x000001cd08086f90 JavaThread "C2 CompilerThread2" daemon [_thread_blocked, id=23436, stack(0x0000009a15300000,0x0000009a15400000)]

Other Threads:
  0x000001cd5ab4c460 VMThread "VM Thread" [stack: 0x0000009a10400000,0x0000009a10500000] [id=26068]
  0x000001cd3c51a570 WatcherThread [stack: 0x0000009a11000000,0x0000009a11100000] [id=25504]
  0x000001cd3c4fcbf0 GCTaskThread "GC Thread#0" [stack: 0x0000009a0ff00000,0x0000009a10000000] [id=25964]
  0x000001cd7a4b1260 GCTaskThread "GC Thread#1" [stack: 0x0000009a11300000,0x0000009a11400000] [id=17888]
  0x000001cd7a5a4400 GCTaskThread "GC Thread#2" [stack: 0x0000009a11400000,0x0000009a11500000] [id=26112]
  0x000001cd7a5a46c0 GCTaskThread "GC Thread#3" [stack: 0x0000009a11500000,0x0000009a11600000] [id=24168]
  0x000001cd7a56a710 GCTaskThread "GC Thread#4" [stack: 0x0000009a11600000,0x0000009a11700000] [id=24116]
  0x000001cd7a70f480 GCTaskThread "GC Thread#5" [stack: 0x0000009a11700000,0x0000009a11800000] [id=8496]
  0x000001cd7d9ed3a0 GCTaskThread "GC Thread#6" [stack: 0x0000009a12400000,0x0000009a12500000] [id=26028]
  0x000001cd7d9ed0e0 GCTaskThread "GC Thread#7" [stack: 0x0000009a12500000,0x0000009a12600000] [id=12524]
  0x000001cd7d9ed920 GCTaskThread "GC Thread#8" [stack: 0x0000009a12600000,0x0000009a12700000] [id=18660]
  0x000001cd7d9ece20 GCTaskThread "GC Thread#9" [stack: 0x0000009a12700000,0x0000009a12800000] [id=25556]
  0x000001cd3c510740 ConcurrentGCThread "G1 Main Marker" [stack: 0x0000009a10000000,0x0000009a10100000] [id=26000]
  0x000001cd3c513ac0 ConcurrentGCThread "G1 Conc#0" [stack: 0x0000009a10100000,0x0000009a10200000] [id=26012]
  0x000001cd7d9ee6e0 ConcurrentGCThread "G1 Conc#1" [stack: 0x0000009a12800000,0x0000009a12900000] [id=18564]
  0x000001cd7d9ee160 ConcurrentGCThread "G1 Conc#2" [stack: 0x0000009a12900000,0x0000009a12a00000] [id=9672]
  0x000001cd3c55e370 ConcurrentGCThread "G1 Refine#0" [stack: 0x0000009a10200000,0x0000009a10300000] [id=25996]
  0x000001cd7c5d6c10 ConcurrentGCThread "G1 Refine#1" [stack: 0x0000009a1d800000,0x0000009a1d900000] [id=3460]
  0x000001cd7d7d9000 ConcurrentGCThread "G1 Refine#2" [stack: 0x0000009a1d900000,0x0000009a1da00000] [id=3164]
  0x000001cd7c294640 ConcurrentGCThread "G1 Refine#3" [stack: 0x0000009a1da00000,0x0000009a1db00000] [id=24132]
  0x000001cd02da2640 ConcurrentGCThread "G1 Refine#4" [stack: 0x0000009a1db00000,0x0000009a1dc00000] [id=17696]
  0x000001cd07e21020 ConcurrentGCThread "G1 Refine#5" [stack: 0x0000009a1dc00000,0x0000009a1dd00000] [id=23832]
  0x000001cd3c55eb50 ConcurrentGCThread "G1 Service" [stack: 0x0000009a10300000,0x0000009a10400000] [id=25972]

Threads with active compile tasks:
C2 CompilerThread0  2747869 36111 %     4       com.android.tools.r8.internal.le::a @ 83 (7028 bytes)
C1 CompilerThread0  2747869 36445       1       com.android.tools.r8.graph.K0::u (5 bytes)
C2 CompilerThread1  2747869 36182       4       com.android.tools.r8.internal.v00::a (174 bytes)
C2 CompilerThread2  2747869 36224       4       com.android.tools.r8.internal.my0::b0 (25 bytes)

VM state: not at safepoint (normal execution)

VM Mutex/Monitor currently owned by a thread:  ([mutex/lock_event])
[0x000001cd3a1b51d0] CodeCache_lock - owner thread: 0x000001cd5ab87130
[0x000001cd3c49d5c0] Compile_lock - owner thread: 0x000001cd5ab87130
[0x000001cd3c49e6a0] MethodCompileQueue_lock - owner thread: 0x000001cd5ab87130

Heap address: 0x0000000080000000, size: 2048 MB, Compressed Oops mode: 32-bit

CDS archive(s) mapped at: [0x000001cd5b000000-0x000001cd5bbd0000-0x000001cd5bbd0000), size 12386304, SharedBaseAddress: 0x000001cd5b000000, ArchiveRelocationMode: 1.
Compressed class space mapped at: 0x000001cd5c000000-0x000001cd76000000, reserved size: 436207616
Narrow klass base: 0x000001cd5b000000, Narrow klass shift: 0, Narrow klass range: 0x100000000

GC Precious Log:
 CPUs: 12 total, 12 available
 Memory: 16083M
 Large Page Support: Disabled
 NUMA Support: Disabled
 Compressed Oops: Enabled (32-bit)
 Heap Region Size: 1M
 Heap Min Capacity: 8M
 Heap Initial Capacity: 252M
 Heap Max Capacity: 2G
 Pre-touch: Disabled
 Parallel Workers: 10
 Concurrent Workers: 3
 Concurrent Refinement Workers: 10
 Periodic GC: Disabled

Heap:
 garbage-first heap   total 614400K, used 305112K [0x0000000080000000, 0x0000000100000000)
  region size 1024K, 30 young (30720K), 19 survivors (19456K)
 Metaspace       used 183465K, committed 185920K, reserved 622592K
  class space    used 24431K, committed 25600K, reserved 425984K

Heap Regions: E=young(eden), S=young(survivor), O=old, HS=humongous(starts), HC=humongous(continues), CS=collection set, F=free, OA=open archive, CA=closed archive, TAMS=top-at-mark-start (previous, next)
|   0|0x0000000080000000, 0x0000000080100000, 0x0000000080100000|100%| O|  |TAMS 0x0000000080100000, 0x0000000080000000| Untracked 
|   1|0x0000000080100000, 0x0000000080200000, 0x0000000080200000|100%|HS|  |TAMS 0x0000000080200000, 0x0000000080100000| Complete 
|   2|0x0000000080200000, 0x0000000080300000, 0x0000000080300000|100%|HC|  |TAMS 0x0000000080300000, 0x0000000080200000| Complete 
|   3|0x0000000080300000, 0x0000000080400000, 0x0000000080400000|100%|HC|  |TAMS 0x0000000080400000, 0x0000000080300000| Complete 
|   4|0x0000000080400000, 0x0000000080500000, 0x0000000080500000|100%| O|  |TAMS 0x0000000080500000, 0x0000000080400000| Untracked 
|   5|0x0000000080500000, 0x0000000080600000, 0x0000000080600000|100%| O|  |TAMS 0x0000000080600000, 0x0000000080500000| Untracked 
|   6|0x0000000080600000, 0x0000000080700000, 0x0000000080700000|100%|HS|  |TAMS 0x0000000080700000, 0x0000000080600000| Complete 
|   7|0x0000000080700000, 0x0000000080800000, 0x0000000080800000|100%| O|  |TAMS 0x0000000080800000, 0x0000000080700000| Untracked 
|   8|0x0000000080800000, 0x0000000080900000, 0x0000000080900000|100%| O|  |TAMS 0x0000000080900000, 0x0000000080800000| Untracked 
|   9|0x0000000080900000, 0x0000000080a00000, 0x0000000080a00000|100%| O|  |TAMS 0x0000000080a00000, 0x0000000080900000| Untracked 
|  10|0x0000000080a00000, 0x0000000080b00000, 0x0000000080b00000|100%| O|  |TAMS 0x0000000080b00000, 0x0000000080a00000| Untracked 
|  11|0x0000000080b00000, 0x0000000080c00000, 0x0000000080c00000|100%| O|  |TAMS 0x0000000080c00000, 0x0000000080b00000| Untracked 
|  12|0x0000000080c00000, 0x0000000080d00000, 0x0000000080d00000|100%| O|  |TAMS 0x0000000080d00000, 0x0000000080c00000| Untracked 
|  13|0x0000000080d00000, 0x0000000080e00000, 0x0000000080e00000|100%| O|  |TAMS 0x0000000080e00000, 0x0000000080d00000| Untracked 
|  14|0x0000000080e00000, 0x0000000080f00000, 0x0000000080f00000|100%| O|  |TAMS 0x0000000080f00000, 0x0000000080e00000| Untracked 
|  15|0x0000000080f00000, 0x0000000081000000, 0x0000000081000000|100%| O|  |TAMS 0x0000000081000000, 0x0000000080f00000| Untracked 
|  16|0x0000000081000000, 0x0000000081100000, 0x0000000081100000|100%| O|  |TAMS 0x0000000081100000, 0x0000000081000000| Untracked 
|  17|0x0000000081100000, 0x0000000081200000, 0x0000000081200000|100%| O|  |TAMS 0x0000000081200000, 0x0000000081100000| Untracked 
|  18|0x0000000081200000, 0x0000000081300000, 0x0000000081300000|100%| O|  |TAMS 0x0000000081300000, 0x0000000081200000| Untracked 
|  19|0x0000000081300000, 0x0000000081400000, 0x0000000081400000|100%| O|  |TAMS 0x0000000081400000, 0x0000000081300000| Untracked 
|  20|0x0000000081400000, 0x0000000081500000, 0x0000000081500000|100%| O|  |TAMS 0x0000000081500000, 0x0000000081400000| Untracked 
|  21|0x0000000081500000, 0x0000000081600000, 0x0000000081600000|100%| O|  |TAMS 0x0000000081600000, 0x0000000081500000| Untracked 
|  22|0x0000000081600000, 0x0000000081700000, 0x0000000081700000|100%| O|  |TAMS 0x0000000081700000, 0x0000000081600000| Untracked 
|  23|0x0000000081700000, 0x0000000081800000, 0x0000000081800000|100%| O|  |TAMS 0x0000000081800000, 0x0000000081700000| Untracked 
|  24|0x0000000081800000, 0x0000000081900000, 0x0000000081900000|100%| O|  |TAMS 0x0000000081900000, 0x0000000081800000| Untracked 
|  25|0x0000000081900000, 0x0000000081a00000, 0x0000000081a00000|100%| O|  |TAMS 0x0000000081a00000, 0x0000000081900000| Untracked 
|  26|0x0000000081a00000, 0x0000000081b00000, 0x0000000081b00000|100%| O|  |TAMS 0x0000000081b00000, 0x0000000081a00000| Untracked 
|  27|0x0000000081b00000, 0x0000000081c00000, 0x0000000081c00000|100%| O|  |TAMS 0x0000000081c00000, 0x0000000081b00000| Untracked 
|  28|0x0000000081c00000, 0x0000000081d00000, 0x0000000081d00000|100%| O|  |TAMS 0x0000000081d00000, 0x0000000081c00000| Untracked 
|  29|0x0000000081d00000, 0x0000000081e00000, 0x0000000081e00000|100%| O|  |TAMS 0x0000000081e00000, 0x0000000081d00000| Untracked 
|  30|0x0000000081e00000, 0x0000000081f00000, 0x0000000081f00000|100%| O|  |TAMS 0x0000000081f00000, 0x0000000081e00000| Untracked 
|  31|0x0000000081f00000, 0x0000000082000000, 0x0000000082000000|100%| O|  |TAMS 0x0000000082000000, 0x0000000081f00000| Untracked 
|  32|0x0000000082000000, 0x0000000082100000, 0x0000000082100000|100%| O|  |TAMS 0x0000000082100000, 0x0000000082000000| Untracked 
|  33|0x0000000082100000, 0x0000000082200000, 0x0000000082200000|100%| O|  |TAMS 0x0000000082200000, 0x0000000082100000| Untracked 
|  34|0x0000000082200000, 0x0000000082300000, 0x0000000082300000|100%| O|  |TAMS 0x0000000082300000, 0x0000000082200000| Untracked 
|  35|0x0000000082300000, 0x0000000082300000, 0x0000000082400000|  0%| F|  |TAMS 0x0000000082300000, 0x0000000082300000| Untracked 
|  36|0x0000000082400000, 0x0000000082500000, 0x0000000082500000|100%| O|  |TAMS 0x0000000082500000, 0x0000000082400000| Untracked 
|  37|0x0000000082500000, 0x0000000082600000, 0x0000000082600000|100%|HS|  |TAMS 0x0000000082600000, 0x0000000082500000| Complete 
|  38|0x0000000082600000, 0x0000000082700000, 0x0000000082700000|100%|HC|  |TAMS 0x0000000082700000, 0x0000000082600000| Complete 
|  39|0x0000000082700000, 0x0000000082800000, 0x0000000082800000|100%|HC|  |TAMS 0x0000000082800000, 0x0000000082700000| Complete 
|  40|0x0000000082800000, 0x0000000082900000, 0x0000000082900000|100%|HS|  |TAMS 0x0000000082900000, 0x0000000082800000| Complete 
|  41|0x0000000082900000, 0x0000000082a00000, 0x0000000082a00000|100%|HC|  |TAMS 0x0000000082a00000, 0x0000000082900000| Complete 
|  42|0x0000000082a00000, 0x0000000082b00000, 0x0000000082b00000|100%|HC|  |TAMS 0x0000000082b00000, 0x0000000082a00000| Complete 
|  43|0x0000000082b00000, 0x0000000082c00000, 0x0000000082c00000|100%| O|  |TAMS 0x0000000082c00000, 0x0000000082b00000| Untracked 
|  44|0x0000000082c00000, 0x0000000082d00000, 0x0000000082d00000|100%| O|  |TAMS 0x0000000082d00000, 0x0000000082c00000| Untracked 
|  45|0x0000000082d00000, 0x0000000082e00000, 0x0000000082e00000|100%| O|  |TAMS 0x0000000082e00000, 0x0000000082d00000| Untracked 
|  46|0x0000000082e00000, 0x0000000082f00000, 0x0000000082f00000|100%| O|  |TAMS 0x0000000082f00000, 0x0000000082e00000| Untracked 
|  47|0x0000000082f00000, 0x0000000083000000, 0x0000000083000000|100%| O|  |TAMS 0x0000000083000000, 0x0000000082f00000| Untracked 
|  48|0x0000000083000000, 0x0000000083100000, 0x0000000083100000|100%| O|  |TAMS 0x0000000083100000, 0x0000000083000000| Untracked 
|  49|0x0000000083100000, 0x0000000083100000, 0x0000000083200000|  0%| F|  |TAMS 0x0000000083100000, 0x0000000083100000| Untracked 
|  50|0x0000000083200000, 0x0000000083300000, 0x0000000083300000|100%| O|  |TAMS 0x0000000083300000, 0x0000000083200000| Untracked 
|  51|0x0000000083300000, 0x0000000083400000, 0x0000000083400000|100%| O|  |TAMS 0x0000000083400000, 0x0000000083300000| Untracked 
|  52|0x0000000083400000, 0x0000000083500000, 0x0000000083500000|100%| O|  |TAMS 0x0000000083500000, 0x0000000083400000| Untracked 
|  53|0x0000000083500000, 0x0000000083600000, 0x0000000083600000|100%| O|  |TAMS 0x0000000083600000, 0x0000000083500000| Untracked 
|  54|0x0000000083600000, 0x0000000083700000, 0x0000000083700000|100%| O|  |TAMS 0x0000000083700000, 0x0000000083600000| Untracked 
|  55|0x0000000083700000, 0x0000000083800000, 0x0000000083800000|100%| O|  |TAMS 0x0000000083800000, 0x0000000083700000| Untracked 
|  56|0x0000000083800000, 0x0000000083900000, 0x0000000083900000|100%| O|  |TAMS 0x0000000083900000, 0x0000000083800000| Untracked 
|  57|0x0000000083900000, 0x0000000083a00000, 0x0000000083a00000|100%| O|  |TAMS 0x0000000083a00000, 0x0000000083900000| Untracked 
|  58|0x0000000083a00000, 0x0000000083b00000, 0x0000000083b00000|100%| O|  |TAMS 0x0000000083b00000, 0x0000000083a00000| Untracked 
|  59|0x0000000083b00000, 0x0000000083b00000, 0x0000000083c00000|  0%| F|  |TAMS 0x0000000083b00000, 0x0000000083b00000| Untracked 
|  60|0x0000000083c00000, 0x0000000083d00000, 0x0000000083d00000|100%| O|  |TAMS 0x0000000083d00000, 0x0000000083c00000| Untracked 
|  61|0x0000000083d00000, 0x0000000083e00000, 0x0000000083e00000|100%| O|  |TAMS 0x0000000083e00000, 0x0000000083d00000| Untracked 
|  62|0x0000000083e00000, 0x0000000083f00000, 0x0000000083f00000|100%| O|  |TAMS 0x0000000083f00000, 0x0000000083e00000| Untracked 
|  63|0x0000000083f00000, 0x0000000084000000, 0x0000000084000000|100%| O|  |TAMS 0x0000000084000000, 0x0000000083f00000| Untracked 
|  64|0x0000000084000000, 0x0000000084100000, 0x0000000084100000|100%| O|  |TAMS 0x0000000084100000, 0x0000000084000000| Untracked 
|  65|0x0000000084100000, 0x0000000084200000, 0x0000000084200000|100%| O|  |TAMS 0x0000000084200000, 0x0000000084100000| Untracked 
|  66|0x0000000084200000, 0x0000000084300000, 0x0000000084300000|100%| O|  |TAMS 0x0000000084300000, 0x0000000084200000| Untracked 
|  67|0x0000000084300000, 0x0000000084400000, 0x0000000084400000|100%| O|  |TAMS 0x0000000084400000, 0x0000000084300000| Untracked 
|  68|0x0000000084400000, 0x0000000084500000, 0x0000000084500000|100%| O|  |TAMS 0x0000000084500000, 0x0000000084400000| Untracked 
|  69|0x0000000084500000, 0x0000000084600000, 0x0000000084600000|100%| O|  |TAMS 0x0000000084600000, 0x0000000084500000| Untracked 
|  70|0x0000000084600000, 0x0000000084700000, 0x0000000084700000|100%| O|  |TAMS 0x0000000084700000, 0x0000000084600000| Untracked 
|  71|0x0000000084700000, 0x0000000084800000, 0x0000000084800000|100%| O|  |TAMS 0x0000000084800000, 0x0000000084700000| Untracked 
|  72|0x0000000084800000, 0x0000000084900000, 0x0000000084900000|100%| O|  |TAMS 0x0000000084900000, 0x0000000084800000| Untracked 
|  73|0x0000000084900000, 0x0000000084a00000, 0x0000000084a00000|100%| O|  |TAMS 0x0000000084a00000, 0x0000000084900000| Untracked 
|  74|0x0000000084a00000, 0x0000000084b00000, 0x0000000084b00000|100%| O|  |TAMS 0x0000000084b00000, 0x0000000084a00000| Untracked 
|  75|0x0000000084b00000, 0x0000000084c00000, 0x0000000084c00000|100%| O|  |TAMS 0x0000000084c00000, 0x0000000084b00000| Untracked 
|  76|0x0000000084c00000, 0x0000000084c00000, 0x0000000084d00000|  0%| F|  |TAMS 0x0000000084c00000, 0x0000000084c00000| Untracked 
|  77|0x0000000084d00000, 0x0000000084e00000, 0x0000000084e00000|100%|HS|  |TAMS 0x0000000084e00000, 0x0000000084d00000| Complete 
|  78|0x0000000084e00000, 0x0000000084f00000, 0x0000000084f00000|100%| O|  |TAMS 0x0000000084f00000, 0x0000000084e00000| Untracked 
|  79|0x0000000084f00000, 0x0000000085000000, 0x0000000085000000|100%|HS|  |TAMS 0x0000000085000000, 0x0000000084f00000| Complete 
|  80|0x0000000085000000, 0x0000000085100000, 0x0000000085100000|100%|HS|  |TAMS 0x0000000085100000, 0x0000000085000000| Complete 
|  81|0x0000000085100000, 0x0000000085200000, 0x0000000085200000|100%|HS|  |TAMS 0x0000000085200000, 0x0000000085100000| Complete 
|  82|0x0000000085200000, 0x0000000085300000, 0x0000000085300000|100%|HS|  |TAMS 0x0000000085300000, 0x0000000085200000| Complete 
|  83|0x0000000085300000, 0x0000000085400000, 0x0000000085400000|100%|HS|  |TAMS 0x0000000085400000, 0x0000000085300000| Complete 
|  84|0x0000000085400000, 0x0000000085500000, 0x0000000085500000|100%|HS|  |TAMS 0x0000000085500000, 0x0000000085400000| Complete 
|  85|0x0000000085500000, 0x0000000085600000, 0x0000000085600000|100%| O|  |TAMS 0x0000000085500000, 0x0000000085500000| Untracked 
|  86|0x0000000085600000, 0x0000000085700000, 0x0000000085700000|100%| O|  |TAMS 0x0000000085700000, 0x0000000085600000| Untracked 
|  87|0x0000000085700000, 0x0000000085800000, 0x0000000085800000|100%| O|  |TAMS 0x0000000085800000, 0x0000000085700000| Untracked 
|  88|0x0000000085800000, 0x0000000085900000, 0x0000000085900000|100%| O|  |TAMS 0x0000000085900000, 0x0000000085800000| Untracked 
|  89|0x0000000085900000, 0x0000000085a00000, 0x0000000085a00000|100%| O|  |TAMS 0x0000000085a00000, 0x0000000085900000| Untracked 
|  90|0x0000000085a00000, 0x0000000085b00000, 0x0000000085b00000|100%| O|  |TAMS 0x0000000085a00000, 0x0000000085a00000| Untracked 
|  91|0x0000000085b00000, 0x0000000085c00000, 0x0000000085c00000|100%| O|  |TAMS 0x0000000085b00000, 0x0000000085b00000| Untracked 
|  92|0x0000000085c00000, 0x0000000085d00000, 0x0000000085d00000|100%| O|  |TAMS 0x0000000085d00000, 0x0000000085c00000| Untracked 
|  93|0x0000000085d00000, 0x0000000085e00000, 0x0000000085e00000|100%| O|  |TAMS 0x0000000085d00000, 0x0000000085d00000| Untracked 
|  94|0x0000000085e00000, 0x0000000085f00000, 0x0000000085f00000|100%| O|  |TAMS 0x0000000085f00000, 0x0000000085e00000| Untracked 
|  95|0x0000000085f00000, 0x0000000086000000, 0x0000000086000000|100%|HS|  |TAMS 0x0000000086000000, 0x0000000085f00000| Complete 
|  96|0x0000000086000000, 0x0000000086100000, 0x0000000086100000|100%| O|  |TAMS 0x0000000086100000, 0x0000000086000000| Untracked 
|  97|0x0000000086100000, 0x0000000086200000, 0x0000000086200000|100%| O|  |TAMS 0x0000000086200000, 0x0000000086100000| Untracked 
|  98|0x0000000086200000, 0x0000000086300000, 0x0000000086300000|100%| O|  |TAMS 0x0000000086300000, 0x0000000086200000| Untracked 
|  99|0x0000000086300000, 0x0000000086400000, 0x0000000086400000|100%| O|  |TAMS 0x0000000086400000, 0x0000000086300000| Untracked 
| 100|0x0000000086400000, 0x0000000086500000, 0x0000000086500000|100%| O|  |TAMS 0x0000000086500000, 0x0000000086400000| Untracked 
| 101|0x0000000086500000, 0x0000000086600000, 0x0000000086600000|100%|HS|  |TAMS 0x0000000086600000, 0x0000000086500000| Complete 
| 102|0x0000000086600000, 0x0000000086700000, 0x0000000086700000|100%| O|  |TAMS 0x0000000086700000, 0x0000000086600000| Untracked 
| 103|0x0000000086700000, 0x0000000086800000, 0x0000000086800000|100%| O|  |TAMS 0x0000000086800000, 0x0000000086700000| Untracked 
| 104|0x0000000086800000, 0x0000000086900000, 0x0000000086900000|100%| O|  |TAMS 0x0000000086900000, 0x0000000086800000| Untracked 
| 105|0x0000000086900000, 0x0000000086a00000, 0x0000000086a00000|100%| O|  |TAMS 0x0000000086a00000, 0x0000000086900000| Untracked 
| 106|0x0000000086a00000, 0x0000000086b00000, 0x0000000086b00000|100%|HS|  |TAMS 0x0000000086b00000, 0x0000000086a00000| Complete 
| 107|0x0000000086b00000, 0x0000000086c00000, 0x0000000086c00000|100%|HC|  |TAMS 0x0000000086c00000, 0x0000000086b00000| Complete 
| 108|0x0000000086c00000, 0x0000000086d00000, 0x0000000086d00000|100%|HC|  |TAMS 0x0000000086d00000, 0x0000000086c00000| Complete 
| 109|0x0000000086d00000, 0x0000000086e00000, 0x0000000086e00000|100%| O|  |TAMS 0x0000000086e00000, 0x0000000086d00000| Untracked 
| 110|0x0000000086e00000, 0x0000000086f00000, 0x0000000086f00000|100%| O|  |TAMS 0x0000000086f00000, 0x0000000086e00000| Untracked 
| 111|0x0000000086f00000, 0x0000000087000000, 0x0000000087000000|100%| O|  |TAMS 0x0000000087000000, 0x0000000086f00000| Untracked 
| 112|0x0000000087000000, 0x0000000087100000, 0x0000000087100000|100%| O|  |TAMS 0x0000000087100000, 0x0000000087000000| Untracked 
| 113|0x0000000087100000, 0x0000000087100000, 0x0000000087200000|  0%| F|  |TAMS 0x0000000087100000, 0x0000000087100000| Untracked 
| 114|0x0000000087200000, 0x0000000087300000, 0x0000000087300000|100%| O|  |TAMS 0x0000000087300000, 0x0000000087200000| Untracked 
| 115|0x0000000087300000, 0x0000000087400000, 0x0000000087400000|100%| O|  |TAMS 0x0000000087300000, 0x0000000087300000| Untracked 
| 116|0x0000000087400000, 0x0000000087500000, 0x0000000087500000|100%| O|  |TAMS 0x0000000087500000, 0x0000000087400000| Untracked 
| 117|0x0000000087500000, 0x0000000087600000, 0x0000000087600000|100%| O|  |TAMS 0x0000000087600000, 0x0000000087500000| Untracked 
| 118|0x0000000087600000, 0x0000000087700000, 0x0000000087700000|100%| O|  |TAMS 0x0000000087700000, 0x0000000087600000| Untracked 
| 119|0x0000000087700000, 0x0000000087800000, 0x0000000087800000|100%| O|  |TAMS 0x0000000087800000, 0x0000000087700000| Untracked 
| 120|0x0000000087800000, 0x0000000087900000, 0x0000000087900000|100%| O|  |TAMS 0x0000000087900000, 0x0000000087800000| Untracked 
| 121|0x0000000087900000, 0x0000000087a00000, 0x0000000087a00000|100%|HS|  |TAMS 0x0000000087a00000, 0x0000000087900000| Complete 
| 122|0x0000000087a00000, 0x0000000087b00000, 0x0000000087b00000|100%|HC|  |TAMS 0x0000000087b00000, 0x0000000087a00000| Complete 
| 123|0x0000000087b00000, 0x0000000087c00000, 0x0000000087c00000|100%|HC|  |TAMS 0x0000000087c00000, 0x0000000087b00000| Complete 
| 124|0x0000000087c00000, 0x0000000087d00000, 0x0000000087d00000|100%| O|  |TAMS 0x0000000087d00000, 0x0000000087c00000| Untracked 
| 125|0x0000000087d00000, 0x0000000087d00000, 0x0000000087e00000|  0%| F|  |TAMS 0x0000000087d00000, 0x0000000087d00000| Untracked 
| 126|0x0000000087e00000, 0x0000000087f00000, 0x0000000087f00000|100%| O|  |TAMS 0x0000000087f00000, 0x0000000087e00000| Untracked 
| 127|0x0000000087f00000, 0x0000000088000000, 0x0000000088000000|100%| O|  |TAMS 0x0000000088000000, 0x0000000087f00000| Untracked 
| 128|0x0000000088000000, 0x0000000088100000, 0x0000000088100000|100%| O|  |TAMS 0x0000000088100000, 0x0000000088000000| Untracked 
| 129|0x0000000088100000, 0x0000000088200000, 0x0000000088200000|100%| O|  |TAMS 0x0000000088200000, 0x0000000088100000| Untracked 
| 130|0x0000000088200000, 0x0000000088300000, 0x0000000088300000|100%| O|  |TAMS 0x0000000088300000, 0x0000000088200000| Untracked 
| 131|0x0000000088300000, 0x0000000088400000, 0x0000000088400000|100%| O|  |TAMS 0x0000000088400000, 0x0000000088300000| Untracked 
| 132|0x0000000088400000, 0x0000000088500000, 0x0000000088500000|100%| O|  |TAMS 0x0000000088500000, 0x0000000088400000| Untracked 
| 133|0x0000000088500000, 0x0000000088600000, 0x0000000088600000|100%| O|  |TAMS 0x0000000088600000, 0x0000000088500000| Untracked 
| 134|0x0000000088600000, 0x0000000088600000, 0x0000000088700000|  0%| F|  |TAMS 0x0000000088600000, 0x0000000088600000| Untracked 
| 135|0x0000000088700000, 0x0000000088800000, 0x0000000088800000|100%| O|  |TAMS 0x0000000088800000, 0x0000000088700000| Untracked 
| 136|0x0000000088800000, 0x0000000088900000, 0x0000000088900000|100%| O|  |TAMS 0x0000000088900000, 0x0000000088800000| Untracked 
| 137|0x0000000088900000, 0x0000000088a00000, 0x0000000088a00000|100%| O|  |TAMS 0x0000000088900000, 0x0000000088900000| Untracked 
| 138|0x0000000088a00000, 0x0000000088b00000, 0x0000000088b00000|100%|HS|  |TAMS 0x0000000088b00000, 0x0000000088a00000| Complete 
| 139|0x0000000088b00000, 0x0000000088c00000, 0x0000000088c00000|100%|HS|  |TAMS 0x0000000088c00000, 0x0000000088b00000| Complete 
| 140|0x0000000088c00000, 0x0000000088d00000, 0x0000000088d00000|100%|HS|  |TAMS 0x0000000088d00000, 0x0000000088c00000| Complete 
| 141|0x0000000088d00000, 0x0000000088e00000, 0x0000000088e00000|100%| O|  |TAMS 0x0000000088e00000, 0x0000000088d00000| Untracked 
| 142|0x0000000088e00000, 0x0000000088f00000, 0x0000000088f00000|100%| O|  |TAMS 0x0000000088f00000, 0x0000000088e00000| Untracked 
| 143|0x0000000088f00000, 0x0000000089000000, 0x0000000089000000|100%| O|  |TAMS 0x0000000088ffca00, 0x0000000088f00000| Untracked 
| 144|0x0000000089000000, 0x0000000089100000, 0x0000000089100000|100%| O|  |TAMS 0x0000000089000000, 0x0000000089000000| Untracked 
| 145|0x0000000089100000, 0x0000000089200000, 0x0000000089200000|100%| O|  |TAMS 0x0000000089100000, 0x0000000089100000| Untracked 
| 146|0x0000000089200000, 0x0000000089300000, 0x0000000089300000|100%| O|  |TAMS 0x0000000089200000, 0x0000000089200000| Untracked 
| 147|0x0000000089300000, 0x0000000089400000, 0x0000000089400000|100%| O|  |TAMS 0x0000000089300000, 0x0000000089300000| Untracked 
| 148|0x0000000089400000, 0x0000000089500000, 0x0000000089500000|100%| O|  |TAMS 0x0000000089500000, 0x0000000089400000| Untracked 
| 149|0x0000000089500000, 0x0000000089600000, 0x0000000089600000|100%| O|  |TAMS 0x0000000089500000, 0x0000000089500000| Untracked 
| 150|0x0000000089600000, 0x0000000089700000, 0x0000000089700000|100%| O|  |TAMS 0x0000000089600000, 0x0000000089600000| Untracked 
| 151|0x0000000089700000, 0x0000000089800000, 0x0000000089800000|100%| O|  |TAMS 0x0000000089800000, 0x0000000089700000| Untracked 
| 152|0x0000000089800000, 0x0000000089900000, 0x0000000089900000|100%| O|  |TAMS 0x0000000089800000, 0x0000000089800000| Untracked 
| 153|0x0000000089900000, 0x0000000089a00000, 0x0000000089a00000|100%| O|  |TAMS 0x0000000089a00000, 0x0000000089900000| Untracked 
| 154|0x0000000089a00000, 0x0000000089b00000, 0x0000000089b00000|100%| O|  |TAMS 0x0000000089a00000, 0x0000000089a00000| Untracked 
| 155|0x0000000089b00000, 0x0000000089c00000, 0x0000000089c00000|100%| O|  |TAMS 0x0000000089c00000, 0x0000000089b00000| Untracked 
| 156|0x0000000089c00000, 0x0000000089d00000, 0x0000000089d00000|100%| O|  |TAMS 0x0000000089d00000, 0x0000000089c00000| Untracked 
| 157|0x0000000089d00000, 0x0000000089e00000, 0x0000000089e00000|100%| O|  |TAMS 0x0000000089d00000, 0x0000000089d00000| Untracked 
| 158|0x0000000089e00000, 0x0000000089f00000, 0x0000000089f00000|100%| O|  |TAMS 0x0000000089e00000, 0x0000000089e00000| Untracked 
| 159|0x0000000089f00000, 0x000000008a000000, 0x000000008a000000|100%| O|  |TAMS 0x0000000089f00000, 0x0000000089f00000| Untracked 
| 160|0x000000008a000000, 0x000000008a100000, 0x000000008a100000|100%| O|  |TAMS 0x000000008a000000, 0x000000008a000000| Untracked 
| 161|0x000000008a100000, 0x000000008a200000, 0x000000008a200000|100%| O|  |TAMS 0x000000008a200000, 0x000000008a100000| Untracked 
| 162|0x000000008a200000, 0x000000008a300000, 0x000000008a300000|100%| O|  |TAMS 0x000000008a300000, 0x000000008a200000| Untracked 
| 163|0x000000008a300000, 0x000000008a400000, 0x000000008a400000|100%|HS|  |TAMS 0x000000008a400000, 0x000000008a300000| Complete 
| 164|0x000000008a400000, 0x000000008a500000, 0x000000008a500000|100%|HS|  |TAMS 0x000000008a500000, 0x000000008a400000| Complete 
| 165|0x000000008a500000, 0x000000008a600000, 0x000000008a600000|100%| O|  |TAMS 0x000000008a600000, 0x000000008a500000| Untracked 
| 166|0x000000008a600000, 0x000000008a700000, 0x000000008a700000|100%|HS|  |TAMS 0x000000008a700000, 0x000000008a600000| Complete 
| 167|0x000000008a700000, 0x000000008a800000, 0x000000008a800000|100%|HC|  |TAMS 0x000000008a800000, 0x000000008a700000| Complete 
| 168|0x000000008a800000, 0x000000008a900000, 0x000000008a900000|100%| O|  |TAMS 0x000000008a800000, 0x000000008a800000| Untracked 
| 169|0x000000008a900000, 0x000000008aa00000, 0x000000008aa00000|100%| O|  |TAMS 0x000000008a900000, 0x000000008a900000| Untracked 
| 170|0x000000008aa00000, 0x000000008ab00000, 0x000000008ab00000|100%| O|  |TAMS 0x000000008aa00000, 0x000000008aa00000| Untracked 
| 171|0x000000008ab00000, 0x000000008ac00000, 0x000000008ac00000|100%| O|  |TAMS 0x000000008ab00000, 0x000000008ab00000| Untracked 
| 172|0x000000008ac00000, 0x000000008ad00000, 0x000000008ad00000|100%| O|  |TAMS 0x000000008ad00000, 0x000000008ac00000| Untracked 
| 173|0x000000008ad00000, 0x000000008ae00000, 0x000000008ae00000|100%| O|  |TAMS 0x000000008ae00000, 0x000000008ad00000| Untracked 
| 174|0x000000008ae00000, 0x000000008af00000, 0x000000008af00000|100%| O|  |TAMS 0x000000008ae00000, 0x000000008ae00000| Untracked 
| 175|0x000000008af00000, 0x000000008b000000, 0x000000008b000000|100%| O|  |TAMS 0x000000008b000000, 0x000000008af00000| Untracked 
| 176|0x000000008b000000, 0x000000008b100000, 0x000000008b100000|100%| O|  |TAMS 0x000000008b000000, 0x000000008b000000| Untracked 
| 177|0x000000008b100000, 0x000000008b200000, 0x000000008b200000|100%| O|  |TAMS 0x000000008b200000, 0x000000008b100000| Untracked 
| 178|0x000000008b200000, 0x000000008b300000, 0x000000008b300000|100%| O|  |TAMS 0x000000008b300000, 0x000000008b200000| Untracked 
| 179|0x000000008b300000, 0x000000008b400000, 0x000000008b400000|100%| O|  |TAMS 0x000000008b300000, 0x000000008b300000| Untracked 
| 180|0x000000008b400000, 0x000000008b500000, 0x000000008b500000|100%| O|  |TAMS 0x000000008b500000, 0x000000008b400000| Untracked 
| 181|0x000000008b500000, 0x000000008b600000, 0x000000008b600000|100%| O|  |TAMS 0x000000008b600000, 0x000000008b500000| Untracked 
| 182|0x000000008b600000, 0x000000008b700000, 0x000000008b700000|100%| O|  |TAMS 0x000000008b600000, 0x000000008b600000| Untracked 
| 183|0x000000008b700000, 0x000000008b800000, 0x000000008b800000|100%| O|  |TAMS 0x000000008b700000, 0x000000008b700000| Untracked 
| 184|0x000000008b800000, 0x000000008b84f800, 0x000000008b900000| 31%| O|  |TAMS 0x000000008b800000, 0x000000008b800000| Untracked 
| 185|0x000000008b900000, 0x000000008b900000, 0x000000008ba00000|  0%| F|  |TAMS 0x000000008b900000, 0x000000008b900000| Untracked 
| 186|0x000000008ba00000, 0x000000008bb00000, 0x000000008bb00000|100%| O|  |TAMS 0x000000008bb00000, 0x000000008ba00000| Untracked 
| 187|0x000000008bb00000, 0x000000008bc00000, 0x000000008bc00000|100%| O|  |TAMS 0x000000008bc00000, 0x000000008bb00000| Untracked 
| 188|0x000000008bc00000, 0x000000008bd00000, 0x000000008bd00000|100%| O|  |TAMS 0x000000008bd00000, 0x000000008bc00000| Untracked 
| 189|0x000000008bd00000, 0x000000008be00000, 0x000000008be00000|100%| O|  |TAMS 0x000000008be00000, 0x000000008bd00000| Untracked 
| 190|0x000000008be00000, 0x000000008be00000, 0x000000008bf00000|  0%| F|  |TAMS 0x000000008be00000, 0x000000008be00000| Untracked 
| 191|0x000000008bf00000, 0x000000008c000000, 0x000000008c000000|100%| O|  |TAMS 0x000000008c000000, 0x000000008bf00000| Untracked 
| 192|0x000000008c000000, 0x000000008c100000, 0x000000008c100000|100%| O|  |TAMS 0x000000008c100000, 0x000000008c000000| Untracked 
| 193|0x000000008c100000, 0x000000008c100000, 0x000000008c200000|  0%| F|  |TAMS 0x000000008c100000, 0x000000008c100000| Untracked 
| 194|0x000000008c200000, 0x000000008c200000, 0x000000008c300000|  0%| F|  |TAMS 0x000000008c200000, 0x000000008c200000| Untracked 
| 195|0x000000008c300000, 0x000000008c400000, 0x000000008c400000|100%| O|  |TAMS 0x000000008c400000, 0x000000008c300000| Untracked 
| 196|0x000000008c400000, 0x000000008c400000, 0x000000008c500000|  0%| F|  |TAMS 0x000000008c400000, 0x000000008c400000| Untracked 
| 197|0x000000008c500000, 0x000000008c600000, 0x000000008c600000|100%|HS|  |TAMS 0x000000008c600000, 0x000000008c500000| Complete 
| 198|0x000000008c600000, 0x000000008c700000, 0x000000008c700000|100%|HS|  |TAMS 0x000000008c700000, 0x000000008c600000| Complete 
| 199|0x000000008c700000, 0x000000008c800000, 0x000000008c800000|100%|HS|  |TAMS 0x000000008c800000, 0x000000008c700000| Complete 
| 200|0x000000008c800000, 0x000000008c800000, 0x000000008c900000|  0%| F|  |TAMS 0x000000008c800000, 0x000000008c800000| Untracked 
| 201|0x000000008c900000, 0x000000008ca00000, 0x000000008ca00000|100%| O|  |TAMS 0x000000008ca00000, 0x000000008c900000| Untracked 
| 202|0x000000008ca00000, 0x000000008ca00000, 0x000000008cb00000|  0%| F|  |TAMS 0x000000008ca00000, 0x000000008ca00000| Untracked 
| 203|0x000000008cb00000, 0x000000008cc00000, 0x000000008cc00000|100%| O|  |TAMS 0x000000008cc00000, 0x000000008cb00000| Untracked 
| 204|0x000000008cc00000, 0x000000008cc00000, 0x000000008cd00000|  0%| F|  |TAMS 0x000000008cc00000, 0x000000008cc00000| Untracked 
| 205|0x000000008cd00000, 0x000000008ce00000, 0x000000008ce00000|100%| O|  |TAMS 0x000000008ce00000, 0x000000008cd00000| Untracked 
| 206|0x000000008ce00000, 0x000000008ce00000, 0x000000008cf00000|  0%| F|  |TAMS 0x000000008ce00000, 0x000000008ce00000| Untracked 
| 207|0x000000008cf00000, 0x000000008cf00000, 0x000000008d000000|  0%| F|  |TAMS 0x000000008cf00000, 0x000000008cf00000| Untracked 
| 208|0x000000008d000000, 0x000000008d100000, 0x000000008d100000|100%|HS|  |TAMS 0x000000008d000000, 0x000000008d000000| Complete 
| 209|0x000000008d100000, 0x000000008d200000, 0x000000008d200000|100%|HC|  |TAMS 0x000000008d100000, 0x000000008d100000| Complete 
| 210|0x000000008d200000, 0x000000008d300000, 0x000000008d300000|100%| O|  |TAMS 0x000000008d300000, 0x000000008d200000| Untracked 
| 211|0x000000008d300000, 0x000000008d300000, 0x000000008d400000|  0%| F|  |TAMS 0x000000008d300000, 0x000000008d300000| Untracked 
| 212|0x000000008d400000, 0x000000008d500000, 0x000000008d500000|100%| O|  |TAMS 0x000000008d500000, 0x000000008d400000| Untracked 
| 213|0x000000008d500000, 0x000000008d500000, 0x000000008d600000|  0%| F|  |TAMS 0x000000008d500000, 0x000000008d500000| Untracked 
| 214|0x000000008d600000, 0x000000008d600000, 0x000000008d700000|  0%| F|  |TAMS 0x000000008d600000, 0x000000008d600000| Untracked 
| 215|0x000000008d700000, 0x000000008d800000, 0x000000008d800000|100%| O|  |TAMS 0x000000008d800000, 0x000000008d700000| Untracked 
| 216|0x000000008d800000, 0x000000008d900000, 0x000000008d900000|100%| O|  |TAMS 0x000000008d900000, 0x000000008d800000| Untracked 
| 217|0x000000008d900000, 0x000000008da00000, 0x000000008da00000|100%| O|  |TAMS 0x000000008da00000, 0x000000008d900000| Untracked 
| 218|0x000000008da00000, 0x000000008da00000, 0x000000008db00000|  0%| F|  |TAMS 0x000000008da00000, 0x000000008da00000| Untracked 
| 219|0x000000008db00000, 0x000000008db00000, 0x000000008dc00000|  0%| F|  |TAMS 0x000000008db00000, 0x000000008db00000| Untracked 
| 220|0x000000008dc00000, 0x000000008dd00000, 0x000000008dd00000|100%| O|  |TAMS 0x000000008dd00000, 0x000000008dc00000| Untracked 
| 221|0x000000008dd00000, 0x000000008de00000, 0x000000008de00000|100%|HS|  |TAMS 0x000000008dd00000, 0x000000008dd00000| Complete 
| 222|0x000000008de00000, 0x000000008df00000, 0x000000008df00000|100%|HC|  |TAMS 0x000000008de00000, 0x000000008de00000| Complete 
| 223|0x000000008df00000, 0x000000008df00000, 0x000000008e000000|  0%| F|  |TAMS 0x000000008df00000, 0x000000008df00000| Untracked 
| 224|0x000000008e000000, 0x000000008e100000, 0x000000008e100000|100%| O|  |TAMS 0x000000008e100000, 0x000000008e000000| Untracked 
| 225|0x000000008e100000, 0x000000008e200000, 0x000000008e200000|100%| O|  |TAMS 0x000000008e200000, 0x000000008e100000| Untracked 
| 226|0x000000008e200000, 0x000000008e300000, 0x000000008e300000|100%| O|  |TAMS 0x000000008e300000, 0x000000008e200000| Untracked 
| 227|0x000000008e300000, 0x000000008e400000, 0x000000008e400000|100%| O|  |TAMS 0x000000008e400000, 0x000000008e300000| Untracked 
| 228|0x000000008e400000, 0x000000008e400000, 0x000000008e500000|  0%| F|  |TAMS 0x000000008e400000, 0x000000008e400000| Untracked 
| 229|0x000000008e500000, 0x000000008e600000, 0x000000008e600000|100%| O|  |TAMS 0x000000008e600000, 0x000000008e500000| Untracked 
| 230|0x000000008e600000, 0x000000008e600000, 0x000000008e700000|  0%| F|  |TAMS 0x000000008e600000, 0x000000008e600000| Untracked 
| 231|0x000000008e700000, 0x000000008e800000, 0x000000008e800000|100%| O|  |TAMS 0x000000008e800000, 0x000000008e700000| Untracked 
| 232|0x000000008e800000, 0x000000008e900000, 0x000000008e900000|100%| O|  |TAMS 0x000000008e900000, 0x000000008e800000| Untracked 
| 233|0x000000008e900000, 0x000000008e900000, 0x000000008ea00000|  0%| F|  |TAMS 0x000000008e900000, 0x000000008e900000| Untracked 
| 234|0x000000008ea00000, 0x000000008ea00000, 0x000000008eb00000|  0%| F|  |TAMS 0x000000008ea00000, 0x000000008ea00000| Untracked 
| 235|0x000000008eb00000, 0x000000008eb00000, 0x000000008ec00000|  0%| F|  |TAMS 0x000000008eb00000, 0x000000008eb00000| Untracked 
| 236|0x000000008ec00000, 0x000000008ed00000, 0x000000008ed00000|100%| O|  |TAMS 0x000000008ed00000, 0x000000008ec00000| Untracked 
| 237|0x000000008ed00000, 0x000000008ed00000, 0x000000008ee00000|  0%| F|  |TAMS 0x000000008ed00000, 0x000000008ed00000| Untracked 
| 238|0x000000008ee00000, 0x000000008ee00000, 0x000000008ef00000|  0%| F|  |TAMS 0x000000008ee00000, 0x000000008ee00000| Untracked 
| 239|0x000000008ef00000, 0x000000008ef00000, 0x000000008f000000|  0%| F|  |TAMS 0x000000008ef00000, 0x000000008ef00000| Untracked 
| 240|0x000000008f000000, 0x000000008f000000, 0x000000008f100000|  0%| F|  |TAMS 0x000000008f000000, 0x000000008f000000| Untracked 
| 241|0x000000008f100000, 0x000000008f100000, 0x000000008f200000|  0%| F|  |TAMS 0x000000008f100000, 0x000000008f100000| Untracked 
| 242|0x000000008f200000, 0x000000008f200000, 0x000000008f300000|  0%| F|  |TAMS 0x000000008f200000, 0x000000008f200000| Untracked 
| 243|0x000000008f300000, 0x000000008f300000, 0x000000008f400000|  0%| F|  |TAMS 0x000000008f300000, 0x000000008f300000| Untracked 
| 244|0x000000008f400000, 0x000000008f500000, 0x000000008f500000|100%| O|  |TAMS 0x000000008f500000, 0x000000008f400000| Untracked 
| 245|0x000000008f500000, 0x000000008f600000, 0x000000008f600000|100%| O|  |TAMS 0x000000008f600000, 0x000000008f500000| Untracked 
| 246|0x000000008f600000, 0x000000008f700000, 0x000000008f700000|100%| O|  |TAMS 0x000000008f700000, 0x000000008f600000| Untracked 
| 247|0x000000008f700000, 0x000000008f800000, 0x000000008f800000|100%| O|  |TAMS 0x000000008f800000, 0x000000008f700000| Untracked 
| 248|0x000000008f800000, 0x000000008f900000, 0x000000008f900000|100%| O|  |TAMS 0x000000008f900000, 0x000000008f800000| Untracked 
| 249|0x000000008f900000, 0x000000008f900000, 0x000000008fa00000|  0%| F|  |TAMS 0x000000008f900000, 0x000000008f900000| Untracked 
| 250|0x000000008fa00000, 0x000000008fa00000, 0x000000008fb00000|  0%| F|  |TAMS 0x000000008fa00000, 0x000000008fa00000| Untracked 
| 251|0x000000008fb00000, 0x000000008fb00000, 0x000000008fc00000|  0%| F|  |TAMS 0x000000008fb00000, 0x000000008fb00000| Untracked 
| 252|0x000000008fc00000, 0x000000008fc00000, 0x000000008fd00000|  0%| F|  |TAMS 0x000000008fc00000, 0x000000008fc00000| Untracked 
| 253|0x000000008fd00000, 0x000000008fd00000, 0x000000008fe00000|  0%| F|  |TAMS 0x000000008fd00000, 0x000000008fd00000| Untracked 
| 254|0x000000008fe00000, 0x000000008fe00000, 0x000000008ff00000|  0%| F|  |TAMS 0x000000008fe00000, 0x000000008fe00000| Untracked 
| 255|0x000000008ff00000, 0x000000008ff00000, 0x0000000090000000|  0%| F|  |TAMS 0x000000008ff00000, 0x000000008ff00000| Untracked 
| 256|0x0000000090000000, 0x0000000090000000, 0x0000000090100000|  0%| F|  |TAMS 0x0000000090000000, 0x0000000090000000| Untracked 
| 257|0x0000000090100000, 0x0000000090200000, 0x0000000090200000|100%| O|  |TAMS 0x0000000090200000, 0x0000000090100000| Untracked 
| 258|0x0000000090200000, 0x0000000090200000, 0x0000000090300000|  0%| F|  |TAMS 0x0000000090200000, 0x0000000090200000| Untracked 
| 259|0x0000000090300000, 0x0000000090300000, 0x0000000090400000|  0%| F|  |TAMS 0x0000000090300000, 0x0000000090300000| Untracked 
| 260|0x0000000090400000, 0x0000000090400000, 0x0000000090500000|  0%| F|  |TAMS 0x0000000090400000, 0x0000000090400000| Untracked 
| 261|0x0000000090500000, 0x0000000090500000, 0x0000000090600000|  0%| F|  |TAMS 0x0000000090500000, 0x0000000090500000| Untracked 
| 262|0x0000000090600000, 0x0000000090600000, 0x0000000090700000|  0%| F|  |TAMS 0x0000000090600000, 0x0000000090600000| Untracked 
| 263|0x0000000090700000, 0x0000000090700000, 0x0000000090800000|  0%| F|  |TAMS 0x0000000090700000, 0x0000000090700000| Untracked 
| 264|0x0000000090800000, 0x0000000090800000, 0x0000000090900000|  0%| F|  |TAMS 0x0000000090800000, 0x0000000090800000| Untracked 
| 265|0x0000000090900000, 0x0000000090900000, 0x0000000090a00000|  0%| F|  |TAMS 0x0000000090900000, 0x0000000090900000| Untracked 
| 266|0x0000000090a00000, 0x0000000090a00000, 0x0000000090b00000|  0%| F|  |TAMS 0x0000000090a00000, 0x0000000090a00000| Untracked 
| 267|0x0000000090b00000, 0x0000000090b00000, 0x0000000090c00000|  0%| F|  |TAMS 0x0000000090b00000, 0x0000000090b00000| Untracked 
| 268|0x0000000090c00000, 0x0000000090c00000, 0x0000000090d00000|  0%| F|  |TAMS 0x0000000090c00000, 0x0000000090c00000| Untracked 
| 269|0x0000000090d00000, 0x0000000090d00000, 0x0000000090e00000|  0%| F|  |TAMS 0x0000000090d00000, 0x0000000090d00000| Untracked 
| 270|0x0000000090e00000, 0x0000000090e00000, 0x0000000090f00000|  0%| F|  |TAMS 0x0000000090e00000, 0x0000000090e00000| Untracked 
| 271|0x0000000090f00000, 0x0000000090f00000, 0x0000000091000000|  0%| F|  |TAMS 0x0000000090f00000, 0x0000000090f00000| Untracked 
| 272|0x0000000091000000, 0x0000000091000000, 0x0000000091100000|  0%| F|  |TAMS 0x0000000091000000, 0x0000000091000000| Untracked 
| 273|0x0000000091100000, 0x0000000091100000, 0x0000000091200000|  0%| F|  |TAMS 0x0000000091100000, 0x0000000091100000| Untracked 
| 274|0x0000000091200000, 0x0000000091300000, 0x0000000091300000|100%| O|  |TAMS 0x0000000091300000, 0x0000000091200000| Untracked 
| 275|0x0000000091300000, 0x0000000091300000, 0x0000000091400000|  0%| F|  |TAMS 0x0000000091300000, 0x0000000091300000| Untracked 
| 276|0x0000000091400000, 0x0000000091400000, 0x0000000091500000|  0%| F|  |TAMS 0x0000000091400000, 0x0000000091400000| Untracked 
| 277|0x0000000091500000, 0x0000000091500000, 0x0000000091600000|  0%| F|  |TAMS 0x0000000091500000, 0x0000000091500000| Untracked 
| 278|0x0000000091600000, 0x0000000091600000, 0x0000000091700000|  0%| F|  |TAMS 0x0000000091600000, 0x0000000091600000| Untracked 
| 279|0x0000000091700000, 0x0000000091700000, 0x0000000091800000|  0%| F|  |TAMS 0x0000000091700000, 0x0000000091700000| Untracked 
| 280|0x0000000091800000, 0x0000000091800000, 0x0000000091900000|  0%| F|  |TAMS 0x0000000091800000, 0x0000000091800000| Untracked 
| 281|0x0000000091900000, 0x0000000091900000, 0x0000000091a00000|  0%| F|  |TAMS 0x0000000091900000, 0x0000000091900000| Untracked 
| 282|0x0000000091a00000, 0x0000000091a00000, 0x0000000091b00000|  0%| F|  |TAMS 0x0000000091a00000, 0x0000000091a00000| Untracked 
| 283|0x0000000091b00000, 0x0000000091ba6bb8, 0x0000000091c00000| 65%| S|CS|TAMS 0x0000000091b00000, 0x0000000091b00000| Complete 
| 284|0x0000000091c00000, 0x0000000091d00000, 0x0000000091d00000|100%| S|CS|TAMS 0x0000000091c00000, 0x0000000091c00000| Complete 
| 285|0x0000000091d00000, 0x0000000091e00000, 0x0000000091e00000|100%| S|CS|TAMS 0x0000000091d00000, 0x0000000091d00000| Complete 
| 286|0x0000000091e00000, 0x0000000091f00000, 0x0000000091f00000|100%| S|CS|TAMS 0x0000000091e00000, 0x0000000091e00000| Complete 
| 287|0x0000000091f00000, 0x0000000092000000, 0x0000000092000000|100%| S|CS|TAMS 0x0000000091f00000, 0x0000000091f00000| Complete 
| 288|0x0000000092000000, 0x0000000092100000, 0x0000000092100000|100%| S|CS|TAMS 0x0000000092000000, 0x0000000092000000| Complete 
| 289|0x0000000092100000, 0x0000000092200000, 0x0000000092200000|100%| S|CS|TAMS 0x0000000092100000, 0x0000000092100000| Complete 
| 290|0x0000000092200000, 0x0000000092300000, 0x0000000092300000|100%| S|CS|TAMS 0x0000000092200000, 0x0000000092200000| Complete 
| 291|0x0000000092300000, 0x0000000092400000, 0x0000000092400000|100%| S|CS|TAMS 0x0000000092300000, 0x0000000092300000| Complete 
| 292|0x0000000092400000, 0x0000000092500000, 0x0000000092500000|100%| S|CS|TAMS 0x0000000092400000, 0x0000000092400000| Complete 
| 293|0x0000000092500000, 0x0000000092600000, 0x0000000092600000|100%| S|CS|TAMS 0x0000000092500000, 0x0000000092500000| Complete 
| 294|0x0000000092600000, 0x0000000092700000, 0x0000000092700000|100%| S|CS|TAMS 0x0000000092600000, 0x0000000092600000| Complete 
| 295|0x0000000092700000, 0x0000000092700000, 0x0000000092800000|  0%| F|  |TAMS 0x0000000092700000, 0x0000000092700000| Untracked 
| 296|0x0000000092800000, 0x0000000092800000, 0x0000000092900000|  0%| F|  |TAMS 0x0000000092800000, 0x0000000092800000| Untracked 
| 297|0x0000000092900000, 0x0000000092a00000, 0x0000000092a00000|100%|HS|  |TAMS 0x0000000092900000, 0x0000000092900000| Complete 
| 298|0x0000000092a00000, 0x0000000092b00000, 0x0000000092b00000|100%|HC|  |TAMS 0x0000000092a00000, 0x0000000092a00000| Complete 
| 299|0x0000000092b00000, 0x0000000092c00000, 0x0000000092c00000|100%| S|CS|TAMS 0x0000000092b00000, 0x0000000092b00000| Complete 
| 300|0x0000000092c00000, 0x0000000092d00000, 0x0000000092d00000|100%| O|  |TAMS 0x0000000092d00000, 0x0000000092c00000| Untracked 
| 301|0x0000000092d00000, 0x0000000092e00000, 0x0000000092e00000|100%| O|  |TAMS 0x0000000092e00000, 0x0000000092d00000| Untracked 
| 302|0x0000000092e00000, 0x0000000092f00000, 0x0000000092f00000|100%| O|  |TAMS 0x0000000092f00000, 0x0000000092e00000| Untracked 
| 303|0x0000000092f00000, 0x0000000093000000, 0x0000000093000000|100%| O|  |TAMS 0x0000000093000000, 0x0000000092f00000| Untracked 
| 304|0x0000000093000000, 0x0000000093100000, 0x0000000093100000|100%| O|  |TAMS 0x0000000093100000, 0x0000000093000000| Untracked 
| 305|0x0000000093100000, 0x0000000093200000, 0x0000000093200000|100%| S|CS|TAMS 0x0000000093100000, 0x0000000093100000| Complete 
| 306|0x0000000093200000, 0x0000000093300000, 0x0000000093300000|100%| O|  |TAMS 0x0000000093300000, 0x0000000093200000| Untracked 
| 307|0x0000000093300000, 0x0000000093400000, 0x0000000093400000|100%| O|  |TAMS 0x0000000093400000, 0x0000000093300000| Untracked 
| 308|0x0000000093400000, 0x0000000093500000, 0x0000000093500000|100%| O|  |TAMS 0x0000000093500000, 0x0000000093400000| Untracked 
| 309|0x0000000093500000, 0x0000000093600000, 0x0000000093600000|100%| O|  |TAMS 0x0000000093600000, 0x0000000093500000| Untracked 
| 310|0x0000000093600000, 0x0000000093700000, 0x0000000093700000|100%| S|CS|TAMS 0x0000000093600000, 0x0000000093600000| Complete 
| 311|0x0000000093700000, 0x0000000093800000, 0x0000000093800000|100%| O|  |TAMS 0x0000000093800000, 0x0000000093700000| Untracked 
| 312|0x0000000093800000, 0x0000000093900000, 0x0000000093900000|100%| O|  |TAMS 0x0000000093900000, 0x0000000093800000| Untracked 
| 313|0x0000000093900000, 0x0000000093a00000, 0x0000000093a00000|100%| O|  |TAMS 0x0000000093a00000, 0x0000000093900000| Untracked 
| 314|0x0000000093a00000, 0x0000000093b00000, 0x0000000093b00000|100%| O|  |TAMS 0x0000000093b00000, 0x0000000093a00000| Untracked 
| 315|0x0000000093b00000, 0x0000000093c00000, 0x0000000093c00000|100%| O|  |TAMS 0x0000000093c00000, 0x0000000093b00000| Untracked 
| 316|0x0000000093c00000, 0x0000000093d00000, 0x0000000093d00000|100%| O|  |TAMS 0x0000000093d00000, 0x0000000093c00000| Untracked 
| 317|0x0000000093d00000, 0x0000000093e00000, 0x0000000093e00000|100%| O|  |TAMS 0x0000000093e00000, 0x0000000093d00000| Untracked 
| 318|0x0000000093e00000, 0x0000000093f00000, 0x0000000093f00000|100%| O|  |TAMS 0x0000000093f00000, 0x0000000093e00000| Untracked 
| 319|0x0000000093f00000, 0x0000000094000000, 0x0000000094000000|100%| O|  |TAMS 0x0000000094000000, 0x0000000093f00000| Untracked 
| 320|0x0000000094000000, 0x0000000094100000, 0x0000000094100000|100%| O|  |TAMS 0x0000000094100000, 0x0000000094000000| Untracked 
| 321|0x0000000094100000, 0x0000000094200000, 0x0000000094200000|100%| O|  |TAMS 0x0000000094200000, 0x0000000094100000| Untracked 
| 322|0x0000000094200000, 0x0000000094300000, 0x0000000094300000|100%| O|  |TAMS 0x0000000094300000, 0x0000000094200000| Untracked 
| 323|0x0000000094300000, 0x0000000094400000, 0x0000000094400000|100%| O|  |TAMS 0x0000000094400000, 0x0000000094300000| Untracked 
| 324|0x0000000094400000, 0x0000000094500000, 0x0000000094500000|100%| O|  |TAMS 0x0000000094500000, 0x0000000094400000| Untracked 
| 325|0x0000000094500000, 0x0000000094600000, 0x0000000094600000|100%| O|  |TAMS 0x0000000094600000, 0x0000000094500000| Untracked 
| 326|0x0000000094600000, 0x0000000094700000, 0x0000000094700000|100%| O|  |TAMS 0x0000000094700000, 0x0000000094600000| Untracked 
| 327|0x0000000094700000, 0x0000000094800000, 0x0000000094800000|100%| S|CS|TAMS 0x0000000094700000, 0x0000000094700000| Complete 
| 328|0x0000000094800000, 0x0000000094900000, 0x0000000094900000|100%| O|  |TAMS 0x0000000094900000, 0x0000000094800000| Untracked 
| 329|0x0000000094900000, 0x0000000094a00000, 0x0000000094a00000|100%| O|  |TAMS 0x0000000094a00000, 0x0000000094900000| Untracked 
| 330|0x0000000094a00000, 0x0000000094b00000, 0x0000000094b00000|100%| O|  |TAMS 0x0000000094b00000, 0x0000000094a00000| Untracked 
| 331|0x0000000094b00000, 0x0000000094c00000, 0x0000000094c00000|100%| O|  |TAMS 0x0000000094c00000, 0x0000000094b00000| Untracked 
| 332|0x0000000094c00000, 0x0000000094d00000, 0x0000000094d00000|100%| S|CS|TAMS 0x0000000094c00000, 0x0000000094c00000| Complete 
| 333|0x0000000094d00000, 0x0000000094e00000, 0x0000000094e00000|100%| O|  |TAMS 0x0000000094e00000, 0x0000000094d00000| Untracked 
| 334|0x0000000094e00000, 0x0000000094f00000, 0x0000000094f00000|100%| O|  |TAMS 0x0000000094f00000, 0x0000000094e00000| Untracked 
| 335|0x0000000094f00000, 0x0000000095000000, 0x0000000095000000|100%| O|  |TAMS 0x0000000095000000, 0x0000000094f00000| Untracked 
| 336|0x0000000095000000, 0x0000000095100000, 0x0000000095100000|100%| O|  |TAMS 0x0000000095100000, 0x0000000095000000| Untracked 
| 337|0x0000000095100000, 0x0000000095200000, 0x0000000095200000|100%| O|  |TAMS 0x0000000095200000, 0x0000000095100000| Untracked 
| 338|0x0000000095200000, 0x0000000095300000, 0x0000000095300000|100%| O|  |TAMS 0x0000000095300000, 0x0000000095200000| Untracked 
| 339|0x0000000095300000, 0x0000000095400000, 0x0000000095400000|100%| O|  |TAMS 0x0000000095400000, 0x0000000095300000| Untracked 
| 340|0x0000000095400000, 0x0000000095500000, 0x0000000095500000|100%| O|  |TAMS 0x0000000095500000, 0x0000000095400000| Untracked 
| 341|0x0000000095500000, 0x0000000095600000, 0x0000000095600000|100%| O|  |TAMS 0x0000000095600000, 0x0000000095500000| Untracked 
| 342|0x0000000095600000, 0x0000000095700000, 0x0000000095700000|100%| O|  |TAMS 0x0000000095700000, 0x0000000095600000| Untracked 
| 343|0x0000000095700000, 0x0000000095800000, 0x0000000095800000|100%| O|  |TAMS 0x0000000095800000, 0x0000000095700000| Untracked 
| 344|0x0000000095800000, 0x0000000095900000, 0x0000000095900000|100%| S|CS|TAMS 0x0000000095800000, 0x0000000095800000| Complete 
| 345|0x0000000095900000, 0x0000000095a00000, 0x0000000095a00000|100%| O|  |TAMS 0x0000000095a00000, 0x0000000095900000| Untracked 
| 346|0x0000000095a00000, 0x0000000095b00000, 0x0000000095b00000|100%| O|  |TAMS 0x0000000095b00000, 0x0000000095a00000| Untracked 
| 347|0x0000000095b00000, 0x0000000095c00000, 0x0000000095c00000|100%| O|  |TAMS 0x0000000095c00000, 0x0000000095b00000| Untracked 
| 348|0x0000000095c00000, 0x0000000095d00000, 0x0000000095d00000|100%| O|  |TAMS 0x0000000095d00000, 0x0000000095c00000| Untracked 
| 349|0x0000000095d00000, 0x0000000095e00000, 0x0000000095e00000|100%| O|  |TAMS 0x0000000095e00000, 0x0000000095d00000| Untracked 
| 350|0x0000000095e00000, 0x0000000095f00000, 0x0000000095f00000|100%| O|  |TAMS 0x0000000095f00000, 0x0000000095e00000| Untracked 
| 351|0x0000000095f00000, 0x0000000096000000, 0x0000000096000000|100%| O|  |TAMS 0x0000000096000000, 0x0000000095f00000| Untracked 
| 352|0x0000000096000000, 0x0000000096100000, 0x0000000096100000|100%| O|  |TAMS 0x0000000096100000, 0x0000000096000000| Untracked 
| 353|0x0000000096100000, 0x0000000096200000, 0x0000000096200000|100%| O|  |TAMS 0x0000000096200000, 0x0000000096100000| Untracked 
| 354|0x0000000096200000, 0x0000000096300000, 0x0000000096300000|100%| O|  |TAMS 0x0000000096300000, 0x0000000096200000| Untracked 
| 355|0x0000000096300000, 0x0000000096400000, 0x0000000096400000|100%| O|  |TAMS 0x0000000096400000, 0x0000000096300000| Untracked 
| 356|0x0000000096400000, 0x0000000096500000, 0x0000000096500000|100%| O|  |TAMS 0x0000000096500000, 0x0000000096400000| Untracked 
| 357|0x0000000096500000, 0x0000000096600000, 0x0000000096600000|100%| O|  |TAMS 0x0000000096600000, 0x0000000096500000| Untracked 
| 358|0x0000000096600000, 0x0000000096700000, 0x0000000096700000|100%| S|CS|TAMS 0x0000000096600000, 0x0000000096600000| Complete 
| 359|0x0000000096700000, 0x0000000096700000, 0x0000000096800000|  0%| F|  |TAMS 0x0000000096700000, 0x0000000096700000| Untracked 
| 360|0x0000000096800000, 0x0000000096800000, 0x0000000096900000|  0%| F|  |TAMS 0x0000000096800000, 0x0000000096800000| Untracked 
| 361|0x0000000096900000, 0x0000000096900000, 0x0000000096a00000|  0%| F|  |TAMS 0x0000000096900000, 0x0000000096900000| Untracked 
| 362|0x0000000096a00000, 0x0000000096a00000, 0x0000000096b00000|  0%| F|  |TAMS 0x0000000096a00000, 0x0000000096a00000| Untracked 
| 363|0x0000000096b00000, 0x0000000096b00000, 0x0000000096c00000|  0%| F|  |TAMS 0x0000000096b00000, 0x0000000096b00000| Untracked 
| 364|0x0000000096c00000, 0x0000000096c00000, 0x0000000096d00000|  0%| F|  |TAMS 0x0000000096c00000, 0x0000000096c00000| Untracked 
| 365|0x0000000096d00000, 0x0000000096d00000, 0x0000000096e00000|  0%| F|  |TAMS 0x0000000096d00000, 0x0000000096d00000| Untracked 
| 366|0x0000000096e00000, 0x0000000096e00000, 0x0000000096f00000|  0%| F|  |TAMS 0x0000000096e00000, 0x0000000096e00000| Untracked 
| 367|0x0000000096f00000, 0x0000000096f00000, 0x0000000097000000|  0%| F|  |TAMS 0x0000000096f00000, 0x0000000096f00000| Untracked 
| 368|0x0000000097000000, 0x0000000097000000, 0x0000000097100000|  0%| F|  |TAMS 0x0000000097000000, 0x0000000097000000| Untracked 
| 369|0x0000000097100000, 0x0000000097100000, 0x0000000097200000|  0%| F|  |TAMS 0x0000000097100000, 0x0000000097100000| Untracked 
| 370|0x0000000097200000, 0x0000000097200000, 0x0000000097300000|  0%| F|  |TAMS 0x0000000097200000, 0x0000000097200000| Untracked 
| 371|0x0000000097300000, 0x0000000097300000, 0x0000000097400000|  0%| F|  |TAMS 0x0000000097300000, 0x0000000097300000| Untracked 
| 372|0x0000000097400000, 0x0000000097400000, 0x0000000097500000|  0%| F|  |TAMS 0x0000000097400000, 0x0000000097400000| Untracked 
| 373|0x0000000097500000, 0x0000000097500000, 0x0000000097600000|  0%| F|  |TAMS 0x0000000097500000, 0x0000000097500000| Untracked 
| 374|0x0000000097600000, 0x0000000097600000, 0x0000000097700000|  0%| F|  |TAMS 0x0000000097600000, 0x0000000097600000| Untracked 
| 375|0x0000000097700000, 0x0000000097700000, 0x0000000097800000|  0%| F|  |TAMS 0x0000000097700000, 0x0000000097700000| Untracked 
| 376|0x0000000097800000, 0x0000000097800000, 0x0000000097900000|  0%| F|  |TAMS 0x0000000097800000, 0x0000000097800000| Untracked 
| 377|0x0000000097900000, 0x0000000097900000, 0x0000000097a00000|  0%| F|  |TAMS 0x0000000097900000, 0x0000000097900000| Untracked 
| 378|0x0000000097a00000, 0x0000000097a00000, 0x0000000097b00000|  0%| F|  |TAMS 0x0000000097a00000, 0x0000000097a00000| Untracked 
| 379|0x0000000097b00000, 0x0000000097b00000, 0x0000000097c00000|  0%| F|  |TAMS 0x0000000097b00000, 0x0000000097b00000| Untracked 
| 380|0x0000000097c00000, 0x0000000097c00000, 0x0000000097d00000|  0%| F|  |TAMS 0x0000000097c00000, 0x0000000097c00000| Untracked 
| 381|0x0000000097d00000, 0x0000000097d00000, 0x0000000097e00000|  0%| F|  |TAMS 0x0000000097d00000, 0x0000000097d00000| Untracked 
| 382|0x0000000097e00000, 0x0000000097e00000, 0x0000000097f00000|  0%| F|  |TAMS 0x0000000097e00000, 0x0000000097e00000| Untracked 
| 383|0x0000000097f00000, 0x0000000097f00000, 0x0000000098000000|  0%| F|  |TAMS 0x0000000097f00000, 0x0000000097f00000| Untracked 
| 384|0x0000000098000000, 0x0000000098000000, 0x0000000098100000|  0%| F|  |TAMS 0x0000000098000000, 0x0000000098000000| Untracked 
| 385|0x0000000098100000, 0x0000000098100000, 0x0000000098200000|  0%| F|  |TAMS 0x0000000098100000, 0x0000000098100000| Untracked 
| 386|0x0000000098200000, 0x0000000098200000, 0x0000000098300000|  0%| F|  |TAMS 0x0000000098200000, 0x0000000098200000| Untracked 
| 387|0x0000000098300000, 0x0000000098300000, 0x0000000098400000|  0%| F|  |TAMS 0x0000000098300000, 0x0000000098300000| Untracked 
| 388|0x0000000098400000, 0x0000000098400000, 0x0000000098500000|  0%| F|  |TAMS 0x0000000098400000, 0x0000000098400000| Untracked 
| 389|0x0000000098500000, 0x0000000098500000, 0x0000000098600000|  0%| F|  |TAMS 0x0000000098500000, 0x0000000098500000| Untracked 
| 390|0x0000000098600000, 0x0000000098600000, 0x0000000098700000|  0%| F|  |TAMS 0x0000000098600000, 0x0000000098600000| Untracked 
| 391|0x0000000098700000, 0x0000000098700000, 0x0000000098800000|  0%| F|  |TAMS 0x0000000098700000, 0x0000000098700000| Untracked 
| 392|0x0000000098800000, 0x0000000098800000, 0x0000000098900000|  0%| F|  |TAMS 0x0000000098800000, 0x0000000098800000| Untracked 
| 393|0x0000000098900000, 0x0000000098900000, 0x0000000098a00000|  0%| F|  |TAMS 0x0000000098900000, 0x0000000098900000| Untracked 
| 394|0x0000000098a00000, 0x0000000098a00000, 0x0000000098b00000|  0%| F|  |TAMS 0x0000000098a00000, 0x0000000098a00000| Untracked 
| 395|0x0000000098b00000, 0x0000000098b00000, 0x0000000098c00000|  0%| F|  |TAMS 0x0000000098b00000, 0x0000000098b00000| Untracked 
| 396|0x0000000098c00000, 0x0000000098c00000, 0x0000000098d00000|  0%| F|  |TAMS 0x0000000098c00000, 0x0000000098c00000| Untracked 
| 397|0x0000000098d00000, 0x0000000098d00000, 0x0000000098e00000|  0%| F|  |TAMS 0x0000000098d00000, 0x0000000098d00000| Untracked 
| 398|0x0000000098e00000, 0x0000000098e00000, 0x0000000098f00000|  0%| F|  |TAMS 0x0000000098e00000, 0x0000000098e00000| Untracked 
| 399|0x0000000098f00000, 0x0000000098f00000, 0x0000000099000000|  0%| F|  |TAMS 0x0000000098f00000, 0x0000000098f00000| Untracked 
| 400|0x0000000099000000, 0x0000000099000000, 0x0000000099100000|  0%| F|  |TAMS 0x0000000099000000, 0x0000000099000000| Untracked 
| 401|0x0000000099100000, 0x0000000099100000, 0x0000000099200000|  0%| F|  |TAMS 0x0000000099100000, 0x0000000099100000| Untracked 
| 402|0x0000000099200000, 0x0000000099200000, 0x0000000099300000|  0%| F|  |TAMS 0x0000000099200000, 0x0000000099200000| Untracked 
| 403|0x0000000099300000, 0x0000000099300000, 0x0000000099400000|  0%| F|  |TAMS 0x0000000099300000, 0x0000000099300000| Untracked 
| 404|0x0000000099400000, 0x0000000099400000, 0x0000000099500000|  0%| F|  |TAMS 0x0000000099400000, 0x0000000099400000| Untracked 
| 405|0x0000000099500000, 0x0000000099500000, 0x0000000099600000|  0%| F|  |TAMS 0x0000000099500000, 0x0000000099500000| Untracked 
| 406|0x0000000099600000, 0x0000000099600000, 0x0000000099700000|  0%| F|  |TAMS 0x0000000099600000, 0x0000000099600000| Untracked 
| 407|0x0000000099700000, 0x0000000099700000, 0x0000000099800000|  0%| F|  |TAMS 0x0000000099700000, 0x0000000099700000| Untracked 
| 408|0x0000000099800000, 0x0000000099800000, 0x0000000099900000|  0%| F|  |TAMS 0x0000000099800000, 0x0000000099800000| Untracked 
| 409|0x0000000099900000, 0x0000000099900000, 0x0000000099a00000|  0%| F|  |TAMS 0x0000000099900000, 0x0000000099900000| Untracked 
| 410|0x0000000099a00000, 0x0000000099a00000, 0x0000000099b00000|  0%| F|  |TAMS 0x0000000099a00000, 0x0000000099a00000| Untracked 
| 411|0x0000000099b00000, 0x0000000099b00000, 0x0000000099c00000|  0%| F|  |TAMS 0x0000000099b00000, 0x0000000099b00000| Untracked 
| 412|0x0000000099c00000, 0x0000000099c00000, 0x0000000099d00000|  0%| F|  |TAMS 0x0000000099c00000, 0x0000000099c00000| Untracked 
| 413|0x0000000099d00000, 0x0000000099d00000, 0x0000000099e00000|  0%| F|  |TAMS 0x0000000099d00000, 0x0000000099d00000| Untracked 
| 414|0x0000000099e00000, 0x0000000099e00000, 0x0000000099f00000|  0%| F|  |TAMS 0x0000000099e00000, 0x0000000099e00000| Untracked 
| 415|0x0000000099f00000, 0x0000000099f00000, 0x000000009a000000|  0%| F|  |TAMS 0x0000000099f00000, 0x0000000099f00000| Untracked 
| 416|0x000000009a000000, 0x000000009a000000, 0x000000009a100000|  0%| F|  |TAMS 0x000000009a000000, 0x000000009a000000| Untracked 
| 417|0x000000009a100000, 0x000000009a100000, 0x000000009a200000|  0%| F|  |TAMS 0x000000009a100000, 0x000000009a100000| Untracked 
| 418|0x000000009a200000, 0x000000009a200000, 0x000000009a300000|  0%| F|  |TAMS 0x000000009a200000, 0x000000009a200000| Untracked 
| 419|0x000000009a300000, 0x000000009a300000, 0x000000009a400000|  0%| F|  |TAMS 0x000000009a300000, 0x000000009a300000| Untracked 
| 420|0x000000009a400000, 0x000000009a400000, 0x000000009a500000|  0%| F|  |TAMS 0x000000009a400000, 0x000000009a400000| Untracked 
| 421|0x000000009a500000, 0x000000009a500000, 0x000000009a600000|  0%| F|  |TAMS 0x000000009a500000, 0x000000009a500000| Untracked 
| 422|0x000000009a600000, 0x000000009a600000, 0x000000009a700000|  0%| F|  |TAMS 0x000000009a600000, 0x000000009a600000| Untracked 
| 423|0x000000009a700000, 0x000000009a700000, 0x000000009a800000|  0%| F|  |TAMS 0x000000009a700000, 0x000000009a700000| Untracked 
| 424|0x000000009a800000, 0x000000009a800000, 0x000000009a900000|  0%| F|  |TAMS 0x000000009a800000, 0x000000009a800000| Untracked 
| 425|0x000000009a900000, 0x000000009a900000, 0x000000009aa00000|  0%| F|  |TAMS 0x000000009a900000, 0x000000009a900000| Untracked 
| 426|0x000000009aa00000, 0x000000009aa00000, 0x000000009ab00000|  0%| F|  |TAMS 0x000000009aa00000, 0x000000009aa00000| Untracked 
| 427|0x000000009ab00000, 0x000000009ab00000, 0x000000009ac00000|  0%| F|  |TAMS 0x000000009ab00000, 0x000000009ab00000| Untracked 
| 428|0x000000009ac00000, 0x000000009ac00000, 0x000000009ad00000|  0%| F|  |TAMS 0x000000009ac00000, 0x000000009ac00000| Untracked 
| 429|0x000000009ad00000, 0x000000009ad00000, 0x000000009ae00000|  0%| F|  |TAMS 0x000000009ad00000, 0x000000009ad00000| Untracked 
| 430|0x000000009ae00000, 0x000000009ae00000, 0x000000009af00000|  0%| F|  |TAMS 0x000000009ae00000, 0x000000009ae00000| Untracked 
| 431|0x000000009af00000, 0x000000009af00000, 0x000000009b000000|  0%| F|  |TAMS 0x000000009af00000, 0x000000009af00000| Untracked 
| 432|0x000000009b000000, 0x000000009b000000, 0x000000009b100000|  0%| F|  |TAMS 0x000000009b000000, 0x000000009b000000| Untracked 
| 433|0x000000009b100000, 0x000000009b100000, 0x000000009b200000|  0%| F|  |TAMS 0x000000009b100000, 0x000000009b100000| Untracked 
| 434|0x000000009b200000, 0x000000009b200000, 0x000000009b300000|  0%| F|  |TAMS 0x000000009b200000, 0x000000009b200000| Untracked 
| 435|0x000000009b300000, 0x000000009b300000, 0x000000009b400000|  0%| F|  |TAMS 0x000000009b300000, 0x000000009b300000| Untracked 
| 436|0x000000009b400000, 0x000000009b400000, 0x000000009b500000|  0%| F|  |TAMS 0x000000009b400000, 0x000000009b400000| Untracked 
| 437|0x000000009b500000, 0x000000009b500000, 0x000000009b600000|  0%| F|  |TAMS 0x000000009b500000, 0x000000009b500000| Untracked 
| 438|0x000000009b600000, 0x000000009b600000, 0x000000009b700000|  0%| F|  |TAMS 0x000000009b600000, 0x000000009b600000| Untracked 
| 439|0x000000009b700000, 0x000000009b700000, 0x000000009b800000|  0%| F|  |TAMS 0x000000009b700000, 0x000000009b700000| Untracked 
| 440|0x000000009b800000, 0x000000009b800000, 0x000000009b900000|  0%| F|  |TAMS 0x000000009b800000, 0x000000009b800000| Untracked 
| 441|0x000000009b900000, 0x000000009b900000, 0x000000009ba00000|  0%| F|  |TAMS 0x000000009b900000, 0x000000009b900000| Untracked 
| 442|0x000000009ba00000, 0x000000009ba00000, 0x000000009bb00000|  0%| F|  |TAMS 0x000000009ba00000, 0x000000009ba00000| Untracked 
| 443|0x000000009bb00000, 0x000000009bb00000, 0x000000009bc00000|  0%| F|  |TAMS 0x000000009bb00000, 0x000000009bb00000| Untracked 
| 444|0x000000009bc00000, 0x000000009bc00000, 0x000000009bd00000|  0%| F|  |TAMS 0x000000009bc00000, 0x000000009bc00000| Untracked 
| 445|0x000000009bd00000, 0x000000009bd00000, 0x000000009be00000|  0%| F|  |TAMS 0x000000009bd00000, 0x000000009bd00000| Untracked 
| 446|0x000000009be00000, 0x000000009be00000, 0x000000009bf00000|  0%| F|  |TAMS 0x000000009be00000, 0x000000009be00000| Untracked 
| 447|0x000000009bf00000, 0x000000009bf00000, 0x000000009c000000|  0%| F|  |TAMS 0x000000009bf00000, 0x000000009bf00000| Untracked 
| 448|0x000000009c000000, 0x000000009c000000, 0x000000009c100000|  0%| F|  |TAMS 0x000000009c000000, 0x000000009c000000| Untracked 
| 449|0x000000009c100000, 0x000000009c100000, 0x000000009c200000|  0%| F|  |TAMS 0x000000009c100000, 0x000000009c100000| Untracked 
| 450|0x000000009c200000, 0x000000009c200000, 0x000000009c300000|  0%| F|  |TAMS 0x000000009c200000, 0x000000009c200000| Untracked 
| 451|0x000000009c300000, 0x000000009c300000, 0x000000009c400000|  0%| F|  |TAMS 0x000000009c300000, 0x000000009c300000| Untracked 
| 452|0x000000009c400000, 0x000000009c400000, 0x000000009c500000|  0%| F|  |TAMS 0x000000009c400000, 0x000000009c400000| Untracked 
| 453|0x000000009c500000, 0x000000009c500000, 0x000000009c600000|  0%| F|  |TAMS 0x000000009c500000, 0x000000009c500000| Untracked 
| 454|0x000000009c600000, 0x000000009c600000, 0x000000009c700000|  0%| F|  |TAMS 0x000000009c600000, 0x000000009c600000| Untracked 
| 455|0x000000009c700000, 0x000000009c700000, 0x000000009c800000|  0%| F|  |TAMS 0x000000009c700000, 0x000000009c700000| Untracked 
| 456|0x000000009c800000, 0x000000009c800000, 0x000000009c900000|  0%| F|  |TAMS 0x000000009c800000, 0x000000009c800000| Untracked 
| 457|0x000000009c900000, 0x000000009c900000, 0x000000009ca00000|  0%| F|  |TAMS 0x000000009c900000, 0x000000009c900000| Untracked 
| 458|0x000000009ca00000, 0x000000009ca00000, 0x000000009cb00000|  0%| F|  |TAMS 0x000000009ca00000, 0x000000009ca00000| Untracked 
| 459|0x000000009cb00000, 0x000000009cb00000, 0x000000009cc00000|  0%| F|  |TAMS 0x000000009cb00000, 0x000000009cb00000| Untracked 
| 460|0x000000009cc00000, 0x000000009cc00000, 0x000000009cd00000|  0%| F|  |TAMS 0x000000009cc00000, 0x000000009cc00000| Untracked 
| 461|0x000000009cd00000, 0x000000009cd00000, 0x000000009ce00000|  0%| F|  |TAMS 0x000000009cd00000, 0x000000009cd00000| Untracked 
| 462|0x000000009ce00000, 0x000000009ce00000, 0x000000009cf00000|  0%| F|  |TAMS 0x000000009ce00000, 0x000000009ce00000| Untracked 
| 463|0x000000009cf00000, 0x000000009cf00000, 0x000000009d000000|  0%| F|  |TAMS 0x000000009cf00000, 0x000000009cf00000| Untracked 
| 464|0x000000009d000000, 0x000000009d000000, 0x000000009d100000|  0%| F|  |TAMS 0x000000009d000000, 0x000000009d000000| Untracked 
| 465|0x000000009d100000, 0x000000009d100000, 0x000000009d200000|  0%| F|  |TAMS 0x000000009d100000, 0x000000009d100000| Untracked 
| 466|0x000000009d200000, 0x000000009d200000, 0x000000009d300000|  0%| F|  |TAMS 0x000000009d200000, 0x000000009d200000| Untracked 
| 467|0x000000009d300000, 0x000000009d300000, 0x000000009d400000|  0%| F|  |TAMS 0x000000009d300000, 0x000000009d300000| Untracked 
| 468|0x000000009d400000, 0x000000009d400000, 0x000000009d500000|  0%| F|  |TAMS 0x000000009d400000, 0x000000009d400000| Untracked 
| 469|0x000000009d500000, 0x000000009d500000, 0x000000009d600000|  0%| F|  |TAMS 0x000000009d500000, 0x000000009d500000| Untracked 
| 470|0x000000009d600000, 0x000000009d600000, 0x000000009d700000|  0%| F|  |TAMS 0x000000009d600000, 0x000000009d600000| Untracked 
| 471|0x000000009d700000, 0x000000009d700000, 0x000000009d800000|  0%| F|  |TAMS 0x000000009d700000, 0x000000009d700000| Untracked 
| 472|0x000000009d800000, 0x000000009d800000, 0x000000009d900000|  0%| F|  |TAMS 0x000000009d800000, 0x000000009d800000| Untracked 
| 473|0x000000009d900000, 0x000000009d900000, 0x000000009da00000|  0%| F|  |TAMS 0x000000009d900000, 0x000000009d900000| Untracked 
| 474|0x000000009da00000, 0x000000009da00000, 0x000000009db00000|  0%| F|  |TAMS 0x000000009da00000, 0x000000009da00000| Untracked 
| 475|0x000000009db00000, 0x000000009db00000, 0x000000009dc00000|  0%| F|  |TAMS 0x000000009db00000, 0x000000009db00000| Untracked 
| 476|0x000000009dc00000, 0x000000009dc00000, 0x000000009dd00000|  0%| F|  |TAMS 0x000000009dc00000, 0x000000009dc00000| Untracked 
| 477|0x000000009dd00000, 0x000000009dd00000, 0x000000009de00000|  0%| F|  |TAMS 0x000000009dd00000, 0x000000009dd00000| Untracked 
| 478|0x000000009de00000, 0x000000009de00000, 0x000000009df00000|  0%| F|  |TAMS 0x000000009de00000, 0x000000009de00000| Untracked 
| 479|0x000000009df00000, 0x000000009df00000, 0x000000009e000000|  0%| F|  |TAMS 0x000000009df00000, 0x000000009df00000| Untracked 
| 480|0x000000009e000000, 0x000000009e000000, 0x000000009e100000|  0%| F|  |TAMS 0x000000009e000000, 0x000000009e000000| Untracked 
| 481|0x000000009e100000, 0x000000009e100000, 0x000000009e200000|  0%| F|  |TAMS 0x000000009e100000, 0x000000009e100000| Untracked 
| 482|0x000000009e200000, 0x000000009e200000, 0x000000009e300000|  0%| F|  |TAMS 0x000000009e200000, 0x000000009e200000| Untracked 
| 483|0x000000009e300000, 0x000000009e300000, 0x000000009e400000|  0%| F|  |TAMS 0x000000009e300000, 0x000000009e300000| Untracked 
| 484|0x000000009e400000, 0x000000009e400000, 0x000000009e500000|  0%| F|  |TAMS 0x000000009e400000, 0x000000009e400000| Untracked 
| 485|0x000000009e500000, 0x000000009e500000, 0x000000009e600000|  0%| F|  |TAMS 0x000000009e500000, 0x000000009e500000| Untracked 
| 486|0x000000009e600000, 0x000000009e600000, 0x000000009e700000|  0%| F|  |TAMS 0x000000009e600000, 0x000000009e600000| Untracked 
| 487|0x000000009e700000, 0x000000009e700000, 0x000000009e800000|  0%| F|  |TAMS 0x000000009e700000, 0x000000009e700000| Untracked 
| 488|0x000000009e800000, 0x000000009e800000, 0x000000009e900000|  0%| F|  |TAMS 0x000000009e800000, 0x000000009e800000| Untracked 
| 489|0x000000009e900000, 0x000000009e900000, 0x000000009ea00000|  0%| F|  |TAMS 0x000000009e900000, 0x000000009e900000| Untracked 
| 490|0x000000009ea00000, 0x000000009ea00000, 0x000000009eb00000|  0%| F|  |TAMS 0x000000009ea00000, 0x000000009ea00000| Untracked 
| 491|0x000000009eb00000, 0x000000009eb00000, 0x000000009ec00000|  0%| F|  |TAMS 0x000000009eb00000, 0x000000009eb00000| Untracked 
| 492|0x000000009ec00000, 0x000000009ec00000, 0x000000009ed00000|  0%| F|  |TAMS 0x000000009ec00000, 0x000000009ec00000| Untracked 
| 493|0x000000009ed00000, 0x000000009ed00000, 0x000000009ee00000|  0%| F|  |TAMS 0x000000009ed00000, 0x000000009ed00000| Untracked 
| 494|0x000000009ee00000, 0x000000009ee00000, 0x000000009ef00000|  0%| F|  |TAMS 0x000000009ee00000, 0x000000009ee00000| Untracked 
| 495|0x000000009ef00000, 0x000000009ef00000, 0x000000009f000000|  0%| F|  |TAMS 0x000000009ef00000, 0x000000009ef00000| Untracked 
| 496|0x000000009f000000, 0x000000009f000000, 0x000000009f100000|  0%| F|  |TAMS 0x000000009f000000, 0x000000009f000000| Untracked 
| 497|0x000000009f100000, 0x000000009f100000, 0x000000009f200000|  0%| F|  |TAMS 0x000000009f100000, 0x000000009f100000| Untracked 
| 498|0x000000009f200000, 0x000000009f200000, 0x000000009f300000|  0%| F|  |TAMS 0x000000009f200000, 0x000000009f200000| Untracked 
| 499|0x000000009f300000, 0x000000009f300000, 0x000000009f400000|  0%| F|  |TAMS 0x000000009f300000, 0x000000009f300000| Untracked 
| 500|0x000000009f400000, 0x000000009f400000, 0x000000009f500000|  0%| F|  |TAMS 0x000000009f400000, 0x000000009f400000| Untracked 
| 501|0x000000009f500000, 0x000000009f500000, 0x000000009f600000|  0%| F|  |TAMS 0x000000009f500000, 0x000000009f500000| Untracked 
| 502|0x000000009f600000, 0x000000009f600000, 0x000000009f700000|  0%| F|  |TAMS 0x000000009f600000, 0x000000009f600000| Untracked 
| 503|0x000000009f700000, 0x000000009f700000, 0x000000009f800000|  0%| F|  |TAMS 0x000000009f700000, 0x000000009f700000| Untracked 
| 504|0x000000009f800000, 0x000000009f800000, 0x000000009f900000|  0%| F|  |TAMS 0x000000009f800000, 0x000000009f800000| Untracked 
| 505|0x000000009f900000, 0x000000009f900000, 0x000000009fa00000|  0%| F|  |TAMS 0x000000009f900000, 0x000000009f900000| Untracked 
| 506|0x000000009fa00000, 0x000000009fa00000, 0x000000009fb00000|  0%| F|  |TAMS 0x000000009fa00000, 0x000000009fa00000| Untracked 
| 507|0x000000009fb00000, 0x000000009fb00000, 0x000000009fc00000|  0%| F|  |TAMS 0x000000009fb00000, 0x000000009fb00000| Untracked 
| 508|0x000000009fc00000, 0x000000009fc00000, 0x000000009fd00000|  0%| F|  |TAMS 0x000000009fc00000, 0x000000009fc00000| Untracked 
| 509|0x000000009fd00000, 0x000000009fd00000, 0x000000009fe00000|  0%| F|  |TAMS 0x000000009fd00000, 0x000000009fd00000| Untracked 
| 510|0x000000009fe00000, 0x000000009fe00000, 0x000000009ff00000|  0%| F|  |TAMS 0x000000009fe00000, 0x000000009fe00000| Untracked 
| 511|0x000000009ff00000, 0x000000009ff00000, 0x00000000a0000000|  0%| F|  |TAMS 0x000000009ff00000, 0x000000009ff00000| Untracked 
| 512|0x00000000a0000000, 0x00000000a0000000, 0x00000000a0100000|  0%| F|  |TAMS 0x00000000a0000000, 0x00000000a0000000| Untracked 
| 513|0x00000000a0100000, 0x00000000a0100000, 0x00000000a0200000|  0%| F|  |TAMS 0x00000000a0100000, 0x00000000a0100000| Untracked 
| 514|0x00000000a0200000, 0x00000000a0200000, 0x00000000a0300000|  0%| F|  |TAMS 0x00000000a0200000, 0x00000000a0200000| Untracked 
| 515|0x00000000a0300000, 0x00000000a0300000, 0x00000000a0400000|  0%| F|  |TAMS 0x00000000a0300000, 0x00000000a0300000| Untracked 
| 516|0x00000000a0400000, 0x00000000a0400000, 0x00000000a0500000|  0%| F|  |TAMS 0x00000000a0400000, 0x00000000a0400000| Untracked 
| 517|0x00000000a0500000, 0x00000000a0500000, 0x00000000a0600000|  0%| F|  |TAMS 0x00000000a0500000, 0x00000000a0500000| Untracked 
| 518|0x00000000a0600000, 0x00000000a0600000, 0x00000000a0700000|  0%| F|  |TAMS 0x00000000a0600000, 0x00000000a0600000| Untracked 
| 519|0x00000000a0700000, 0x00000000a0700000, 0x00000000a0800000|  0%| F|  |TAMS 0x00000000a0700000, 0x00000000a0700000| Untracked 
| 520|0x00000000a0800000, 0x00000000a0800000, 0x00000000a0900000|  0%| F|  |TAMS 0x00000000a0800000, 0x00000000a0800000| Untracked 
| 521|0x00000000a0900000, 0x00000000a0900000, 0x00000000a0a00000|  0%| F|  |TAMS 0x00000000a0900000, 0x00000000a0900000| Untracked 
| 522|0x00000000a0a00000, 0x00000000a0a00000, 0x00000000a0b00000|  0%| F|  |TAMS 0x00000000a0a00000, 0x00000000a0a00000| Untracked 
| 523|0x00000000a0b00000, 0x00000000a0b00000, 0x00000000a0c00000|  0%| F|  |TAMS 0x00000000a0b00000, 0x00000000a0b00000| Untracked 
| 524|0x00000000a0c00000, 0x00000000a0c00000, 0x00000000a0d00000|  0%| F|  |TAMS 0x00000000a0c00000, 0x00000000a0c00000| Untracked 
| 525|0x00000000a0d00000, 0x00000000a0d00000, 0x00000000a0e00000|  0%| F|  |TAMS 0x00000000a0d00000, 0x00000000a0d00000| Untracked 
| 526|0x00000000a0e00000, 0x00000000a0e00000, 0x00000000a0f00000|  0%| F|  |TAMS 0x00000000a0e00000, 0x00000000a0e00000| Untracked 
| 527|0x00000000a0f00000, 0x00000000a0f00000, 0x00000000a1000000|  0%| F|  |TAMS 0x00000000a0f00000, 0x00000000a0f00000| Untracked 
| 528|0x00000000a1000000, 0x00000000a1000000, 0x00000000a1100000|  0%| F|  |TAMS 0x00000000a1000000, 0x00000000a1000000| Untracked 
| 529|0x00000000a1100000, 0x00000000a1100000, 0x00000000a1200000|  0%| F|  |TAMS 0x00000000a1100000, 0x00000000a1100000| Untracked 
| 530|0x00000000a1200000, 0x00000000a1200000, 0x00000000a1300000|  0%| F|  |TAMS 0x00000000a1200000, 0x00000000a1200000| Untracked 
| 531|0x00000000a1300000, 0x00000000a1300000, 0x00000000a1400000|  0%| F|  |TAMS 0x00000000a1300000, 0x00000000a1300000| Untracked 
| 532|0x00000000a1400000, 0x00000000a1400000, 0x00000000a1500000|  0%| F|  |TAMS 0x00000000a1400000, 0x00000000a1400000| Untracked 
| 533|0x00000000a1500000, 0x00000000a1500000, 0x00000000a1600000|  0%| F|  |TAMS 0x00000000a1500000, 0x00000000a1500000| Untracked 
| 534|0x00000000a1600000, 0x00000000a1600000, 0x00000000a1700000|  0%| F|  |TAMS 0x00000000a1600000, 0x00000000a1600000| Untracked 
| 535|0x00000000a1700000, 0x00000000a1700000, 0x00000000a1800000|  0%| F|  |TAMS 0x00000000a1700000, 0x00000000a1700000| Untracked 
| 536|0x00000000a1800000, 0x00000000a1800000, 0x00000000a1900000|  0%| F|  |TAMS 0x00000000a1800000, 0x00000000a1800000| Untracked 
| 537|0x00000000a1900000, 0x00000000a1900000, 0x00000000a1a00000|  0%| F|  |TAMS 0x00000000a1900000, 0x00000000a1900000| Untracked 
| 538|0x00000000a1a00000, 0x00000000a1a00000, 0x00000000a1b00000|  0%| F|  |TAMS 0x00000000a1a00000, 0x00000000a1a00000| Untracked 
| 539|0x00000000a1b00000, 0x00000000a1b00000, 0x00000000a1c00000|  0%| F|  |TAMS 0x00000000a1b00000, 0x00000000a1b00000| Untracked 
| 540|0x00000000a1c00000, 0x00000000a1c00000, 0x00000000a1d00000|  0%| F|  |TAMS 0x00000000a1c00000, 0x00000000a1c00000| Untracked 
| 541|0x00000000a1d00000, 0x00000000a1d00000, 0x00000000a1e00000|  0%| F|  |TAMS 0x00000000a1d00000, 0x00000000a1d00000| Untracked 
| 542|0x00000000a1e00000, 0x00000000a1e00000, 0x00000000a1f00000|  0%| F|  |TAMS 0x00000000a1e00000, 0x00000000a1e00000| Untracked 
| 543|0x00000000a1f00000, 0x00000000a1f00000, 0x00000000a2000000|  0%| F|  |TAMS 0x00000000a1f00000, 0x00000000a1f00000| Untracked 
| 544|0x00000000a2000000, 0x00000000a2000000, 0x00000000a2100000|  0%| F|  |TAMS 0x00000000a2000000, 0x00000000a2000000| Untracked 
| 545|0x00000000a2100000, 0x00000000a2100000, 0x00000000a2200000|  0%| F|  |TAMS 0x00000000a2100000, 0x00000000a2100000| Untracked 
| 546|0x00000000a2200000, 0x00000000a2200000, 0x00000000a2300000|  0%| F|  |TAMS 0x00000000a2200000, 0x00000000a2200000| Untracked 
| 547|0x00000000a2300000, 0x00000000a2300000, 0x00000000a2400000|  0%| F|  |TAMS 0x00000000a2300000, 0x00000000a2300000| Untracked 
| 548|0x00000000a2400000, 0x00000000a2400000, 0x00000000a2500000|  0%| F|  |TAMS 0x00000000a2400000, 0x00000000a2400000| Untracked 
| 549|0x00000000a2500000, 0x00000000a2500000, 0x00000000a2600000|  0%| F|  |TAMS 0x00000000a2500000, 0x00000000a2500000| Untracked 
| 550|0x00000000a2600000, 0x00000000a2600000, 0x00000000a2700000|  0%| F|  |TAMS 0x00000000a2600000, 0x00000000a2600000| Untracked 
| 551|0x00000000a2700000, 0x00000000a2700000, 0x00000000a2800000|  0%| F|  |TAMS 0x00000000a2700000, 0x00000000a2700000| Untracked 
| 552|0x00000000a2800000, 0x00000000a2800000, 0x00000000a2900000|  0%| F|  |TAMS 0x00000000a2800000, 0x00000000a2800000| Untracked 
| 553|0x00000000a2900000, 0x00000000a2900000, 0x00000000a2a00000|  0%| F|  |TAMS 0x00000000a2900000, 0x00000000a2900000| Untracked 
| 554|0x00000000a2a00000, 0x00000000a2a00000, 0x00000000a2b00000|  0%| F|  |TAMS 0x00000000a2a00000, 0x00000000a2a00000| Untracked 
| 555|0x00000000a2b00000, 0x00000000a2b00000, 0x00000000a2c00000|  0%| F|  |TAMS 0x00000000a2b00000, 0x00000000a2b00000| Untracked 
| 556|0x00000000a2c00000, 0x00000000a2c00000, 0x00000000a2d00000|  0%| F|  |TAMS 0x00000000a2c00000, 0x00000000a2c00000| Untracked 
| 557|0x00000000a2d00000, 0x00000000a2d00000, 0x00000000a2e00000|  0%| F|  |TAMS 0x00000000a2d00000, 0x00000000a2d00000| Untracked 
| 558|0x00000000a2e00000, 0x00000000a2e00000, 0x00000000a2f00000|  0%| F|  |TAMS 0x00000000a2e00000, 0x00000000a2e00000| Untracked 
| 559|0x00000000a2f00000, 0x00000000a2f00000, 0x00000000a3000000|  0%| F|  |TAMS 0x00000000a2f00000, 0x00000000a2f00000| Untracked 
| 560|0x00000000a3000000, 0x00000000a3000000, 0x00000000a3100000|  0%| F|  |TAMS 0x00000000a3000000, 0x00000000a3000000| Untracked 
| 561|0x00000000a3100000, 0x00000000a3100000, 0x00000000a3200000|  0%| F|  |TAMS 0x00000000a3100000, 0x00000000a3100000| Untracked 
| 562|0x00000000a3200000, 0x00000000a3200000, 0x00000000a3300000|  0%| F|  |TAMS 0x00000000a3200000, 0x00000000a3200000| Untracked 
| 563|0x00000000a3300000, 0x00000000a3300000, 0x00000000a3400000|  0%| F|  |TAMS 0x00000000a3300000, 0x00000000a3300000| Untracked 
| 564|0x00000000a3400000, 0x00000000a3400000, 0x00000000a3500000|  0%| F|  |TAMS 0x00000000a3400000, 0x00000000a3400000| Untracked 
| 565|0x00000000a3500000, 0x00000000a3500000, 0x00000000a3600000|  0%| F|  |TAMS 0x00000000a3500000, 0x00000000a3500000| Untracked 
| 566|0x00000000a3600000, 0x00000000a3600000, 0x00000000a3700000|  0%| F|  |TAMS 0x00000000a3600000, 0x00000000a3600000| Untracked 
| 567|0x00000000a3700000, 0x00000000a3700000, 0x00000000a3800000|  0%| F|  |TAMS 0x00000000a3700000, 0x00000000a3700000| Untracked 
| 568|0x00000000a3800000, 0x00000000a3800000, 0x00000000a3900000|  0%| F|  |TAMS 0x00000000a3800000, 0x00000000a3800000| Untracked 
| 569|0x00000000a3900000, 0x00000000a3900000, 0x00000000a3a00000|  0%| F|  |TAMS 0x00000000a3900000, 0x00000000a3900000| Untracked 
| 570|0x00000000a3a00000, 0x00000000a3a00000, 0x00000000a3b00000|  0%| F|  |TAMS 0x00000000a3a00000, 0x00000000a3a00000| Untracked 
| 571|0x00000000a3b00000, 0x00000000a3b00000, 0x00000000a3c00000|  0%| F|  |TAMS 0x00000000a3b00000, 0x00000000a3b00000| Untracked 
| 572|0x00000000a3c00000, 0x00000000a3c00000, 0x00000000a3d00000|  0%| F|  |TAMS 0x00000000a3c00000, 0x00000000a3c00000| Untracked 
| 573|0x00000000a3d00000, 0x00000000a3d00000, 0x00000000a3e00000|  0%| F|  |TAMS 0x00000000a3d00000, 0x00000000a3d00000| Untracked 
| 574|0x00000000a3e00000, 0x00000000a3e00000, 0x00000000a3f00000|  0%| F|  |TAMS 0x00000000a3e00000, 0x00000000a3e00000| Untracked 
| 575|0x00000000a3f00000, 0x00000000a3f00000, 0x00000000a4000000|  0%| F|  |TAMS 0x00000000a3f00000, 0x00000000a3f00000| Untracked 
| 576|0x00000000a4000000, 0x00000000a4000000, 0x00000000a4100000|  0%| F|  |TAMS 0x00000000a4000000, 0x00000000a4000000| Untracked 
| 577|0x00000000a4100000, 0x00000000a4100000, 0x00000000a4200000|  0%| F|  |TAMS 0x00000000a4100000, 0x00000000a4100000| Untracked 
| 578|0x00000000a4200000, 0x00000000a4200000, 0x00000000a4300000|  0%| F|  |TAMS 0x00000000a4200000, 0x00000000a4200000| Untracked 
| 579|0x00000000a4300000, 0x00000000a4300000, 0x00000000a4400000|  0%| F|  |TAMS 0x00000000a4300000, 0x00000000a4300000| Untracked 
| 580|0x00000000a4400000, 0x00000000a4400000, 0x00000000a4500000|  0%| F|  |TAMS 0x00000000a4400000, 0x00000000a4400000| Untracked 
| 581|0x00000000a4500000, 0x00000000a4500000, 0x00000000a4600000|  0%| F|  |TAMS 0x00000000a4500000, 0x00000000a4500000| Untracked 
| 582|0x00000000a4600000, 0x00000000a4600000, 0x00000000a4700000|  0%| F|  |TAMS 0x00000000a4600000, 0x00000000a4600000| Untracked 
| 583|0x00000000a4700000, 0x00000000a4700000, 0x00000000a4800000|  0%| F|  |TAMS 0x00000000a4700000, 0x00000000a4700000| Untracked 
| 584|0x00000000a4800000, 0x00000000a4800000, 0x00000000a4900000|  0%| F|  |TAMS 0x00000000a4800000, 0x00000000a4800000| Untracked 
| 585|0x00000000a4900000, 0x00000000a4900000, 0x00000000a4a00000|  0%| F|  |TAMS 0x00000000a4900000, 0x00000000a4900000| Untracked 
| 586|0x00000000a4a00000, 0x00000000a4a00000, 0x00000000a4b00000|  0%| F|  |TAMS 0x00000000a4a00000, 0x00000000a4a00000| Untracked 
| 587|0x00000000a4b00000, 0x00000000a4b00000, 0x00000000a4c00000|  0%| F|  |TAMS 0x00000000a4b00000, 0x00000000a4b00000| Untracked 
| 588|0x00000000a4c00000, 0x00000000a4c00000, 0x00000000a4d00000|  0%| F|  |TAMS 0x00000000a4c00000, 0x00000000a4c00000| Untracked 
| 589|0x00000000a4d00000, 0x00000000a4d24210, 0x00000000a4e00000| 14%| E|  |TAMS 0x00000000a4d00000, 0x00000000a4d00000| Complete 
| 590|0x00000000a4e00000, 0x00000000a4f00000, 0x00000000a4f00000|100%| E|CS|TAMS 0x00000000a4e00000, 0x00000000a4e00000| Complete 
| 591|0x00000000a4f00000, 0x00000000a5000000, 0x00000000a5000000|100%| E|  |TAMS 0x00000000a4f00000, 0x00000000a4f00000| Complete 
| 592|0x00000000a5000000, 0x00000000a5100000, 0x00000000a5100000|100%| E|CS|TAMS 0x00000000a5000000, 0x00000000a5000000| Complete 
| 593|0x00000000a5100000, 0x00000000a5200000, 0x00000000a5200000|100%| E|CS|TAMS 0x00000000a5100000, 0x00000000a5100000| Complete 
| 594|0x00000000a5200000, 0x00000000a5300000, 0x00000000a5300000|100%| E|CS|TAMS 0x00000000a5200000, 0x00000000a5200000| Complete 
| 595|0x00000000a5300000, 0x00000000a5400000, 0x00000000a5400000|100%| E|CS|TAMS 0x00000000a5300000, 0x00000000a5300000| Complete 
| 596|0x00000000a5400000, 0x00000000a5500000, 0x00000000a5500000|100%| E|CS|TAMS 0x00000000a5400000, 0x00000000a5400000| Complete 
| 597|0x00000000a5500000, 0x00000000a5600000, 0x00000000a5600000|100%| E|CS|TAMS 0x00000000a5500000, 0x00000000a5500000| Complete 
| 598|0x00000000a5600000, 0x00000000a5700000, 0x00000000a5700000|100%| E|CS|TAMS 0x00000000a5600000, 0x00000000a5600000| Complete 
| 599|0x00000000a5700000, 0x00000000a5800000, 0x00000000a5800000|100%| E|CS|TAMS 0x00000000a5700000, 0x00000000a5700000| Complete 

Card table byte_map: [0x000001cd536a0000,0x000001cd53aa0000] _byte_map_base: 0x000001cd532a0000

Marking Bits (Prev, Next): (CMBitMap*) 0x000001cd3c4fd160, (CMBitMap*) 0x000001cd3c4fd120
 Prev Bits: [0x000001cd55ea0000, 0x000001cd57ea0000)
 Next Bits: [0x000001cd53ea0000, 0x000001cd55ea0000)

Polling page: 0x000001cd3a3c0000

Metaspace:

Usage:
  Non-class:    155.31 MB used.
      Class:     23.86 MB used.
       Both:    179.17 MB used.

Virtual space:
  Non-class space:      192.00 MB reserved,     156.56 MB ( 82%) committed,  3 nodes.
      Class space:      416.00 MB reserved,      25.00 MB (  6%) committed,  1 nodes.
             Both:      608.00 MB reserved,     181.56 MB ( 30%) committed. 

Chunk freelists:
   Non-Class:  3.25 MB
       Class:  7.05 MB
        Both:  10.30 MB

MaxMetaspaceSize: 512.00 MB
CompressedClassSpaceSize: 416.00 MB
Initial GC threshold: 21.00 MB
Current GC threshold: 270.56 MB
CDS: on
MetaspaceReclaimPolicy: balanced
 - commit_granule_bytes: 65536.
 - commit_granule_words: 8192.
 - virtual_space_node_default_size: 8388608.
 - enlarge_chunks_in_place: 1.
 - new_chunks_are_fully_committed: 0.
 - uncommit_free_chunks: 1.
 - use_allocation_guard: 0.
 - handle_deallocations: 1.


Internal statistics:

num_allocs_failed_limit: 9.
num_arena_births: 4674.
num_arena_deaths: 664.
num_vsnodes_births: 4.
num_vsnodes_deaths: 0.
num_space_committed: 2904.
num_space_uncommitted: 0.
num_chunks_returned_to_freelist: 850.
num_chunks_taken_from_freelist: 13732.
num_chunk_merges: 295.
num_chunk_splits: 8202.
num_chunks_enlarged: 4679.
num_inconsistent_stats: 0.

CodeHeap 'non-profiled nmethods': size=120000Kb used=24319Kb max_used=24319Kb free=95680Kb
 bounds [0x000001cd4b820000, 0x000001cd4cfe0000, 0x000001cd52d50000]
CodeHeap 'profiled nmethods': size=120000Kb used=60847Kb max_used=60847Kb free=59152Kb
 bounds [0x000001cd43d50000, 0x000001cd478c0000, 0x000001cd4b280000]
CodeHeap 'non-nmethods': size=5760Kb used=1928Kb max_used=1986Kb free=3831Kb
 bounds [0x000001cd4b280000, 0x000001cd4b4f0000, 0x000001cd4b820000]
 total_blobs=30412 nmethods=29354 adapters=968
 compilation: enabled
              stopped_count=0, restarted_count=0
 full_count=0

Compilation events (20 events):
Event: 2746.775 Thread 0x000001cd5ab87130 nmethod 36380 0x000001cd478ae910 code [0x000001cd478aeac0, 0x000001cd478aeca8]
Event: 2746.775 Thread 0x000001cd5ab87130 36403       3       com.android.tools.r8.dex.u::a (50 bytes)
Event: 2746.775 Thread 0x000001cd5ab87130 nmethod 36403 0x000001cd478aed90 code [0x000001cd478aefa0, 0x000001cd478af598]
Event: 2746.775 Thread 0x000001cd5ab87130 36404       3       com.android.tools.r8.graph.K0::x (23 bytes)
Event: 2746.776 Thread 0x000001cd5ab87130 nmethod 36404 0x000001cd478af810 code [0x000001cd478af9c0, 0x000001cd478afb88]
Event: 2746.776 Thread 0x000001cd5ab87130 36407       3       com.android.tools.r8.dex.L$$Lambda$4245/0x000001cd5d899b00::accept (12 bytes)
Event: 2747.784 Thread 0x000001cd5ab87130 nmethod 36407 0x000001cd478afc10 code [0x000001cd478afe00, 0x000001cd478b0268]
Event: 2747.784 Thread 0x000001cd5ab87130 36409       3       com.android.tools.r8.internal.x30::b (264 bytes)
Event: 2747.785 Thread 0x000001cd5ab87130 nmethod 36409 0x000001cd478b0490 code [0x000001cd478b0700, 0x000001cd478b12a8]
Event: 2747.785 Thread 0x000001cd5ab87130 36410   !   2       java.util.stream.ReferencePipeline$7$1::accept (127 bytes)
Event: 2747.786 Thread 0x000001cd5ab87130 nmethod 36410 0x000001cd478b1710 code [0x000001cd478b1940, 0x000001cd478b1f38]
Event: 2747.786 Thread 0x000001cd5ab87130 36415       3       com.android.tools.r8.internal.dq::a (21 bytes)
Event: 2747.786 Thread 0x000001cd5ab87130 nmethod 36415 0x000001cd478b2490 code [0x000001cd478b2620, 0x000001cd478b2768]
Event: 2747.786 Thread 0x000001cd5ab87130 36412       3       com.android.tools.r8.graph.M2::hashCode (8 bytes)
Event: 2747.786 Thread 0x000001cd5ab87130 nmethod 36412 0x000001cd478b2890 code [0x000001cd478b2a20, 0x000001cd478b2b68]
Event: 2747.786 Thread 0x000001cd5ab87130 36414       3       com.android.tools.r8.dex.q::a (1 bytes)
Event: 2747.786 Thread 0x000001cd5ab87130 nmethod 36414 0x000001cd478b2c10 code [0x000001cd478b2da0, 0x000001cd478b2eb8]
Event: 2747.786 Thread 0x000001cd5ab87130 36411       3       com.android.tools.r8.graph.M2::isEmpty (12 bytes)
Event: 2747.786 Thread 0x000001cd5ab87130 nmethod 36411 0x000001cd478b2f90 code [0x000001cd478b3120, 0x000001cd478b3298]
Event: 2747.786 Thread 0x000001cd5ab87130 36417       3       com.android.tools.r8.dex.y::d (22 bytes)

GC Heap History (20 events):
Event: 2166.768 GC heap before
{Heap before GC invocations=120 (full 0):
 garbage-first heap   total 614400K, used 290014K [0x0000000080000000, 0x0000000100000000)
  region size 1024K, 30 young (30720K), 2 survivors (2048K)
 Metaspace       used 139834K, committed 142912K, reserved 557056K
  class space    used 19019K, committed 20288K, reserved 425984K
}
Event: 2166.780 GC heap after
{Heap after GC invocations=121 (full 0):
 garbage-first heap   total 614400K, used 249046K [0x0000000080000000, 0x0000000100000000)
  region size 1024K, 3 young (3072K), 3 survivors (3072K)
 Metaspace       used 139834K, committed 142912K, reserved 557056K
  class space    used 19019K, committed 20288K, reserved 425984K
}
Event: 2474.148 GC heap before
{Heap before GC invocations=121 (full 0):
 garbage-first heap   total 614400K, used 483542K [0x0000000080000000, 0x0000000100000000)
  region size 1024K, 233 young (238592K), 3 survivors (3072K)
 Metaspace       used 140390K, committed 142976K, reserved 557056K
  class space    used 19083K, committed 20352K, reserved 425984K
}
Event: 2474.155 GC heap after
{Heap after GC invocations=122 (full 0):
 garbage-first heap   total 614400K, used 253611K [0x0000000080000000, 0x0000000100000000)
  region size 1024K, 8 young (8192K), 8 survivors (8192K)
 Metaspace       used 140390K, committed 142976K, reserved 557056K
  class space    used 19083K, committed 20352K, reserved 425984K
}
Event: 2604.557 GC heap before
{Heap before GC invocations=122 (full 0):
 garbage-first heap   total 614400K, used 345771K [0x0000000080000000, 0x0000000100000000)
  region size 1024K, 100 young (102400K), 8 survivors (8192K)
 Metaspace       used 143233K, committed 145472K, reserved 557056K
  class space    used 19479K, committed 20544K, reserved 425984K
}
Event: 2604.569 GC heap after
{Heap after GC invocations=123 (full 0):
 garbage-first heap   total 614400K, used 256393K [0x0000000080000000, 0x0000000100000000)
  region size 1024K, 11 young (11264K), 11 survivors (11264K)
 Metaspace       used 143233K, committed 145472K, reserved 557056K
  class space    used 19479K, committed 20544K, reserved 425984K
}
Event: 2608.241 GC heap before
{Heap before GC invocations=124 (full 0):
 garbage-first heap   total 614400K, used 529801K [0x0000000080000000, 0x0000000100000000)
  region size 1024K, 273 young (279552K), 11 survivors (11264K)
 Metaspace       used 149198K, committed 151488K, reserved 557056K
  class space    used 19994K, committed 21056K, reserved 425984K
}
Event: 2608.260 GC heap after
{Heap after GC invocations=125 (full 0):
 garbage-first heap   total 614400K, used 262675K [0x0000000080000000, 0x0000000100000000)
  region size 1024K, 14 young (14336K), 14 survivors (14336K)
 Metaspace       used 149198K, committed 151488K, reserved 557056K
  class space    used 19994K, committed 21056K, reserved 425984K
}
Event: 2608.590 GC heap before
{Heap before GC invocations=125 (full 0):
 garbage-first heap   total 614400K, used 278035K [0x0000000080000000, 0x0000000100000000)
  region size 1024K, 30 young (30720K), 14 survivors (14336K)
 Metaspace       used 150452K, committed 152704K, reserved 622592K
  class space    used 20126K, committed 21184K, reserved 425984K
}
Event: 2608.656 GC heap after
{Heap after GC invocations=126 (full 0):
 garbage-first heap   total 614400K, used 259735K [0x0000000080000000, 0x0000000100000000)
  region size 1024K, 4 young (4096K), 4 survivors (4096K)
 Metaspace       used 150452K, committed 152704K, reserved 622592K
  class space    used 20126K, committed 21184K, reserved 425984K
}
Event: 2619.215 GC heap before
{Heap before GC invocations=126 (full 0):
 garbage-first heap   total 614400K, used 533143K [0x0000000080000000, 0x0000000100000000)
  region size 1024K, 265 young (271360K), 4 survivors (4096K)
 Metaspace       used 160450K, committed 162816K, reserved 622592K
  class space    used 21437K, committed 22592K, reserved 425984K
}
Event: 2619.223 GC heap after
{Heap after GC invocations=127 (full 0):
 garbage-first heap   total 614400K, used 271945K [0x0000000080000000, 0x0000000100000000)
  region size 1024K, 12 young (12288K), 12 survivors (12288K)
 Metaspace       used 160450K, committed 162816K, reserved 622592K
  class space    used 21437K, committed 22592K, reserved 425984K
}
Event: 2623.402 GC heap before
{Heap before GC invocations=127 (full 0):
 garbage-first heap   total 614400K, used 427593K [0x0000000080000000, 0x0000000100000000)
  region size 1024K, 166 young (169984K), 12 survivors (12288K)
 Metaspace       used 163711K, committed 166080K, reserved 622592K
  class space    used 21837K, committed 22976K, reserved 425984K
}
Event: 2623.417 GC heap after
{Heap after GC invocations=128 (full 0):
 garbage-first heap   total 614400K, used 274418K [0x0000000080000000, 0x0000000100000000)
  region size 1024K, 16 young (16384K), 16 survivors (16384K)
 Metaspace       used 163711K, committed 166080K, reserved 622592K
  class space    used 21837K, committed 22976K, reserved 425984K
}
Event: 2736.205 GC heap before
{Heap before GC invocations=129 (full 0):
 garbage-first heap   total 614400K, used 584690K [0x0000000080000000, 0x0000000100000000)
  region size 1024K, 197 young (201728K), 16 survivors (16384K)
 Metaspace       used 179131K, committed 181568K, reserved 622592K
  class space    used 24147K, committed 25280K, reserved 425984K
}
Event: 2736.397 GC heap after
{Heap after GC invocations=130 (full 0):
 garbage-first heap   total 614400K, used 282095K [0x0000000080000000, 0x0000000100000000)
  region size 1024K, 22 young (22528K), 22 survivors (22528K)
 Metaspace       used 179131K, committed 181568K, reserved 622592K
  class space    used 24147K, committed 25280K, reserved 425984K
}
Event: 2737.525 GC heap before
{Heap before GC invocations=130 (full 0):
 garbage-first heap   total 614400K, used 290287K [0x0000000080000000, 0x0000000100000000)
  region size 1024K, 30 young (30720K), 22 survivors (22528K)
 Metaspace       used 179141K, committed 181568K, reserved 622592K
  class space    used 24151K, committed 25280K, reserved 425984K
}
Event: 2737.945 GC heap after
{Heap after GC invocations=131 (full 0):
 garbage-first heap   total 614400K, used 278524K [0x0000000080000000, 0x0000000100000000)
  region size 1024K, 4 young (4096K), 4 survivors (4096K)
 Metaspace       used 179141K, committed 181568K, reserved 622592K
  class space    used 24151K, committed 25280K, reserved 425984K
}
Event: 2746.724 GC heap before
{Heap before GC invocations=131 (full 0):
 garbage-first heap   total 614400K, used 532476K [0x0000000080000000, 0x0000000100000000)
  region size 1024K, 241 young (246784K), 4 survivors (4096K)
 Metaspace       used 183347K, committed 185856K, reserved 622592K
  class space    used 24423K, committed 25600K, reserved 425984K
}
Event: 2746.738 GC heap after
{Heap after GC invocations=132 (full 0):
 garbage-first heap   total 614400K, used 295896K [0x0000000080000000, 0x0000000100000000)
  region size 1024K, 19 young (19456K), 19 survivors (19456K)
 Metaspace       used 183347K, committed 185856K, reserved 622592K
  class space    used 24423K, committed 25600K, reserved 425984K
}

Deoptimization events (20 events):
Event: 2745.272 Thread 0x000001cd016c3570 DEOPT PACKING pc=0x000001cd4c413344 sp=0x0000009a160f9f30
Event: 2745.273 Thread 0x000001cd016c3570 DEOPT UNPACKING pc=0x000001cd4b2d23a3 sp=0x0000009a160f9f08 mode 2
Event: 2745.577 Thread 0x000001cd016c7230 Uncommon trap: trap_request=0xffffff6e fr.pc=0x000001cd4cfa9c3c relative=0x0000000000000f9c
Event: 2745.577 Thread 0x000001cd016c7230 Uncommon trap: reason=loop_limit_check action=maybe_recompile pc=0x000001cd4cfa9c3c method=com.android.tools.r8.internal.BB.C()Lcom/android/tools/r8/internal/DC; @ 140 c2
Event: 2745.578 Thread 0x000001cd016c7230 DEOPT PACKING pc=0x000001cd4cfa9c3c sp=0x0000009a161f9fc0
Event: 2745.578 Thread 0x000001cd016c7230 DEOPT UNPACKING pc=0x000001cd4b2d23a3 sp=0x0000009a161f9fb0 mode 2
Event: 2745.647 Thread 0x000001cd016c7230 Uncommon trap: trap_request=0xffffff45 fr.pc=0x000001cd4cd6b104 relative=0x0000000000000084
Event: 2745.647 Thread 0x000001cd016c7230 Uncommon trap: reason=unstable_if action=reinterpret pc=0x000001cd4cd6b104 method=com.android.tools.r8.internal.VB.a(I)Z @ 45 c2
Event: 2745.647 Thread 0x000001cd016c7230 DEOPT PACKING pc=0x000001cd4cd6b104 sp=0x0000009a161f9ab0
Event: 2745.647 Thread 0x000001cd016c7230 DEOPT UNPACKING pc=0x000001cd4b2d23a3 sp=0x0000009a161f9a40 mode 2
Event: 2745.962 Thread 0x000001cd016c7230 DEOPT PACKING pc=0x000001cd4775d5b4 sp=0x0000009a161f9c00
Event: 2745.962 Thread 0x000001cd016c7230 DEOPT UNPACKING pc=0x000001cd4b2d2b43 sp=0x0000009a161f9448 mode 0
Event: 2746.614 Thread 0x000001cd016c7230 Uncommon trap: trap_request=0xffffff6e fr.pc=0x000001cd4cd648f0 relative=0x00000000000043d0
Event: 2746.614 Thread 0x000001cd016c7230 Uncommon trap: reason=loop_limit_check action=maybe_recompile pc=0x000001cd4cd648f0 method=com.android.tools.r8.internal.lb.a(I)Lcom/android/tools/r8/internal/O70; @ 114 c2
Event: 2746.614 Thread 0x000001cd016c7230 DEOPT PACKING pc=0x000001cd4cd648f0 sp=0x0000009a161f9ad0
Event: 2746.614 Thread 0x000001cd016c7230 DEOPT UNPACKING pc=0x000001cd4b2d23a3 sp=0x0000009a161f9a40 mode 2
Event: 2747.666 Thread 0x000001cd016c3060 Uncommon trap: trap_request=0xffffff45 fr.pc=0x000001cd4cd0dfb8 relative=0x0000000000004898
Event: 2747.782 Thread 0x000001cd016c3060 Uncommon trap: reason=unstable_if action=reinterpret pc=0x000001cd4cd0dfb8 method=org.objectweb.asm.ClassWriter.toByteArray()[B @ 497 c2
Event: 2747.784 Thread 0x000001cd016c3060 DEOPT PACKING pc=0x000001cd4cd0dfb8 sp=0x0000009a15bfb580
Event: 2747.784 Thread 0x000001cd016c3060 DEOPT UNPACKING pc=0x000001cd4b2d23a3 sp=0x0000009a15bfb558 mode 2

Classes unloaded (20 events):
Event: 2107.555 Thread 0x000001cd5ab4c460 Unloading class 0x000001cd5c2cd000 'java/lang/invoke/LambdaForm$MH+0x000001cd5c2cd000'
Event: 2107.555 Thread 0x000001cd5ab4c460 Unloading class 0x000001cd5c2cc400 'java/lang/invoke/LambdaForm$MH+0x000001cd5c2cc400'
Event: 2107.555 Thread 0x000001cd5ab4c460 Unloading class 0x000001cd5c218400 'java/lang/invoke/LambdaForm$MH+0x000001cd5c218400'
Event: 2107.555 Thread 0x000001cd5ab4c460 Unloading class 0x000001cd5c1dfc00 'java/lang/invoke/LambdaForm$MH+0x000001cd5c1dfc00'
Event: 2107.555 Thread 0x000001cd5ab4c460 Unloading class 0x000001cd5c1df800 'java/lang/invoke/LambdaForm$MH+0x000001cd5c1df800'
Event: 2107.555 Thread 0x000001cd5ab4c460 Unloading class 0x000001cd5c1df400 'java/lang/invoke/LambdaForm$MH+0x000001cd5c1df400'
Event: 2107.555 Thread 0x000001cd5ab4c460 Unloading class 0x000001cd5c1df000 'java/lang/invoke/LambdaForm$MH+0x000001cd5c1df000'
Event: 2107.555 Thread 0x000001cd5ab4c460 Unloading class 0x000001cd5c1dec00 'java/lang/invoke/LambdaForm$MH+0x000001cd5c1dec00'
Event: 2107.555 Thread 0x000001cd5ab4c460 Unloading class 0x000001cd5c1de800 'java/lang/invoke/LambdaForm$MH+0x000001cd5c1de800'
Event: 2107.555 Thread 0x000001cd5ab4c460 Unloading class 0x000001cd5c1de400 'java/lang/invoke/LambdaForm$MH+0x000001cd5c1de400'
Event: 2107.555 Thread 0x000001cd5ab4c460 Unloading class 0x000001cd5c1de000 'java/lang/invoke/LambdaForm$MH+0x000001cd5c1de000'
Event: 2107.555 Thread 0x000001cd5ab4c460 Unloading class 0x000001cd5c1ddc00 'java/lang/invoke/LambdaForm$MH+0x000001cd5c1ddc00'
Event: 2107.555 Thread 0x000001cd5ab4c460 Unloading class 0x000001cd5c1dd800 'java/lang/invoke/LambdaForm$MH+0x000001cd5c1dd800'
Event: 2107.555 Thread 0x000001cd5ab4c460 Unloading class 0x000001cd5c1dc800 'java/lang/invoke/LambdaForm$MH+0x000001cd5c1dc800'
Event: 2107.555 Thread 0x000001cd5ab4c460 Unloading class 0x000001cd5c1dc400 'java/lang/invoke/LambdaForm$BMH+0x000001cd5c1dc400'
Event: 2107.555 Thread 0x000001cd5ab4c460 Unloading class 0x000001cd5c110800 'java/lang/invoke/LambdaForm$DMH+0x000001cd5c110800'
Event: 2107.555 Thread 0x000001cd5ab4c460 Unloading class 0x000001cd5c110000 'java/lang/invoke/LambdaForm$DMH+0x000001cd5c110000'
Event: 2107.555 Thread 0x000001cd5ab4c460 Unloading class 0x000001cd5c03a800 'java/lang/invoke/LambdaForm$MH+0x000001cd5c03a800'
Event: 2107.555 Thread 0x000001cd5ab4c460 Unloading class 0x000001cd5c03a400 'java/lang/invoke/LambdaForm$MH+0x000001cd5c03a400'
Event: 2107.555 Thread 0x000001cd5ab4c460 Unloading class 0x000001cd5c038000 'java/lang/invoke/LambdaForm$MH+0x000001cd5c038000'

Classes redefined (0 events):
No events

Internal exceptions (20 events):
Event: 2746.335 Thread 0x000001cd7e4e11d0 Exception <a 'sun/nio/fs/WindowsException'{0x00000000981ac8a8}> (0x00000000981ac8a8) 
thrown [s\open\src\hotspot\share\prims\jni.cpp, line 516]
Event: 2746.336 Thread 0x000001cd7e4e11d0 Exception <a 'sun/nio/fs/WindowsException'{0x00000000981aefd0}> (0x00000000981aefd0) 
thrown [s\open\src\hotspot\share\prims\jni.cpp, line 516]
Event: 2746.370 Thread 0x000001cd7e4e11d0 Exception <a 'sun/nio/fs/WindowsException'{0x00000000980820f8}> (0x00000000980820f8) 
thrown [s\open\src\hotspot\share\prims\jni.cpp, line 516]
Event: 2746.392 Thread 0x000001cd7e4e11d0 Exception <a 'sun/nio/fs/WindowsException'{0x0000000098087448}> (0x0000000098087448) 
thrown [s\open\src\hotspot\share\prims\jni.cpp, line 516]
Event: 2746.394 Thread 0x000001cd7e4e11d0 Exception <a 'sun/nio/fs/WindowsException'{0x00000000980899f0}> (0x00000000980899f0) 
thrown [s\open\src\hotspot\share\prims\jni.cpp, line 516]
Event: 2746.756 Thread 0x000001cd016c7230 Exception <a 'sun/nio/fs/WindowsException'{0x00000000a56dc438}> (0x00000000a56dc438) 
thrown [s\open\src\hotspot\share\prims\jni.cpp, line 516]
Event: 2746.756 Thread 0x000001cd016c7230 Exception <a 'sun/nio/fs/WindowsException'{0x00000000a56dd7c8}> (0x00000000a56dd7c8) 
thrown [s\open\src\hotspot\share\prims\jni.cpp, line 516]
Event: 2746.756 Thread 0x000001cd016c7230 Exception <a 'sun/nio/fs/WindowsException'{0x00000000a56dde48}> (0x00000000a56dde48) 
thrown [s\open\src\hotspot\share\prims\jni.cpp, line 516]
Event: 2746.756 Thread 0x000001cd016c7230 Exception <a 'sun/nio/fs/WindowsException'{0x00000000a56e01c8}> (0x00000000a56e01c8) 
thrown [s\open\src\hotspot\share\prims\jni.cpp, line 516]
Event: 2746.756 Thread 0x000001cd016c7230 Exception <a 'sun/nio/fs/WindowsException'{0x00000000a56e07e8}> (0x00000000a56e07e8) 
thrown [s\open\src\hotspot\share\prims\jni.cpp, line 516]
Event: 2746.757 Thread 0x000001cd016c7230 Exception <a 'sun/nio/fs/WindowsException'{0x00000000a56e2b58}> (0x00000000a56e2b58) 
thrown [s\open\src\hotspot\share\prims\jni.cpp, line 516]
Event: 2746.761 Thread 0x000001cd016c7230 Exception <a 'sun/nio/fs/WindowsException'{0x00000000a56f58a0}> (0x00000000a56f58a0) 
thrown [s\open\src\hotspot\share\prims\jni.cpp, line 516]
Event: 2746.763 Thread 0x000001cd016c7230 Exception <a 'sun/nio/fs/WindowsException'{0x00000000a56fc4c8}> (0x00000000a56fc4c8) 
thrown [s\open\src\hotspot\share\prims\jni.cpp, line 516]
Event: 2746.765 Thread 0x000001cd016c7230 Exception <a 'sun/nio/fs/WindowsException'{0x00000000a54c4ba0}> (0x00000000a54c4ba0) 
thrown [s\open\src\hotspot\share\prims\jni.cpp, line 516]
Event: 2746.767 Thread 0x000001cd016c7230 Exception <a 'sun/nio/fs/WindowsException'{0x00000000a54cb548}> (0x00000000a54cb548) 
thrown [s\open\src\hotspot\share\prims\jni.cpp, line 516]
Event: 2746.769 Thread 0x000001cd016c7230 Exception <a 'sun/nio/fs/WindowsException'{0x00000000a54d4d88}> (0x00000000a54d4d88) 
thrown [s\open\src\hotspot\share\prims\jni.cpp, line 516]
Event: 2746.771 Thread 0x000001cd016c7230 Exception <a 'sun/nio/fs/WindowsException'{0x00000000a54dda20}> (0x00000000a54dda20) 
thrown [s\open\src\hotspot\share\prims\jni.cpp, line 516]
Event: 2746.773 Thread 0x000001cd016c7230 Exception <a 'sun/nio/fs/WindowsException'{0x00000000a54e43f0}> (0x00000000a54e43f0) 
thrown [s\open\src\hotspot\share\prims\jni.cpp, line 516]
Event: 2746.775 Thread 0x000001cd016c7230 Exception <a 'sun/nio/fs/WindowsException'{0x00000000a54edca8}> (0x00000000a54edca8) 
thrown [s\open\src\hotspot\share\prims\jni.cpp, line 516]
Event: 2747.786 Thread 0x000001cd016c7230 Exception <a 'sun/nio/fs/WindowsException'{0x00000000a51e1010}> (0x00000000a51e1010) 
thrown [s\open\src\hotspot\share\prims\jni.cpp, line 516]

VM Operations (20 events):
Event: 2745.590 Executing VM operation: HandshakeAllThreads
Event: 2745.590 Executing VM operation: HandshakeAllThreads done
Event: 2745.631 Executing VM operation: HandshakeAllThreads
Event: 2745.642 Executing VM operation: HandshakeAllThreads done
Event: 2745.689 Executing VM operation: HandshakeAllThreads
Event: 2745.721 Executing VM operation: HandshakeAllThreads done
Event: 2745.734 Executing VM operation: ICBufferFull
Event: 2745.776 Executing VM operation: ICBufferFull done
Event: 2745.953 Executing VM operation: HandshakeAllThreads
Event: 2745.962 Executing VM operation: HandshakeAllThreads done
Event: 2746.568 Executing VM operation: ICBufferFull
Event: 2746.568 Executing VM operation: ICBufferFull done
Event: 2746.628 Executing VM operation: HandshakeAllThreads
Event: 2746.629 Executing VM operation: HandshakeAllThreads done
Event: 2746.712 Executing VM operation: ICBufferFull
Event: 2746.712 Executing VM operation: ICBufferFull done
Event: 2746.724 Executing VM operation: G1CollectForAllocation
Event: 2746.738 Executing VM operation: G1CollectForAllocation done
Event: 2747.738 Executing VM operation: Cleanup
Event: 2747.784 Executing VM operation: Cleanup done

Events (20 events):
Event: 2745.822 Thread 0x000001cd5ab87a40 flushing nmethod 0x000001cd47107b10
Event: 2745.822 Thread 0x000001cd5ab87a40 flushing nmethod 0x000001cd47107e90
Event: 2745.822 Thread 0x000001cd5ab87a40 flushing nmethod 0x000001cd4712da90
Event: 2745.822 Thread 0x000001cd5ab87a40 flushing nmethod 0x000001cd47178210
Event: 2745.822 Thread 0x000001cd5ab87a40 flushing nmethod 0x000001cd4717a110
Event: 2745.822 Thread 0x000001cd5ab87a40 flushing nmethod 0x000001cd47189c90
Event: 2745.822 Thread 0x000001cd5ab87a40 flushing nmethod 0x000001cd471a8c90
Event: 2745.822 Thread 0x000001cd5ab87a40 flushing nmethod 0x000001cd471ab490
Event: 2745.822 Thread 0x000001cd5ab87a40 flushing nmethod 0x000001cd471afe90
Event: 2745.822 Thread 0x000001cd5ab87a40 flushing nmethod 0x000001cd47295590
Event: 2745.823 Thread 0x000001cd5ab87a40 flushing nmethod 0x000001cd472f3390
Event: 2745.823 Thread 0x000001cd5ab87a40 flushing nmethod 0x000001cd472f3810
Event: 2745.823 Thread 0x000001cd5ab87a40 flushing nmethod 0x000001cd472f5310
Event: 2745.823 Thread 0x000001cd5ab87a40 flushing nmethod 0x000001cd4734b010
Event: 2746.300 Thread 0x000001cd007271a0 Thread exited: 0x000001cd007271a0
Event: 2746.339 Thread 0x000001cd0b71be30 Thread exited: 0x000001cd0b71be30
Event: 2746.339 Thread 0x000001cd08086f90 Thread exited: 0x000001cd08086f90
Event: 2746.572 Thread 0x000001cd0b71fdf0 Thread added: 0x000001cd0b71fdf0
Event: 2746.593 Thread 0x000001cd08086f90 Thread added: 0x000001cd08086f90
Event: 2747.515 Thread 0x000001cd7bb0cb10 Thread exited: 0x000001cd7bb0cb10


Dynamic libraries:
0x00007ff778d20000 - 0x00007ff778d30000 	C:\Program Files\Java\jdk-17\bin\java.exe
0x00007ffabd5c0000 - 0x00007ffabd828000 	C:\WINDOWS\SYSTEM32\ntdll.dll
0x00007ffabccc0000 - 0x00007ffabcd89000 	C:\WINDOWS\System32\KERNEL32.DLL
0x00007ffaba710000 - 0x00007ffabab08000 	C:\WINDOWS\System32\KERNELBASE.dll
0x00007ffabae90000 - 0x00007ffabafdb000 	C:\WINDOWS\System32\ucrtbase.dll
0x00007ffa73930000 - 0x00007ffa73949000 	C:\Program Files\Java\jdk-17\bin\jli.dll
0x00007ffa76f40000 - 0x00007ffa76f5b000 	C:\Program Files\Java\jdk-17\bin\VCRUNTIME140.dll
0x00007ffabb610000 - 0x00007ffabb6c4000 	C:\WINDOWS\System32\ADVAPI32.dll
0x00007ffabc830000 - 0x00007ffabc8d9000 	C:\WINDOWS\System32\msvcrt.dll
0x00007ffabbec0000 - 0x00007ffabbf66000 	C:\WINDOWS\System32\sechost.dll
0x00007ffabcba0000 - 0x00007ffabccb8000 	C:\WINDOWS\System32\RPCRT4.dll
0x00007ffabc150000 - 0x00007ffabc317000 	C:\WINDOWS\System32\USER32.dll
0x00007ffaa4570000 - 0x00007ffaa4804000 	C:\WINDOWS\WinSxS\amd64_microsoft.windows.common-controls_6595b64144ccf1df_6.0.26100.7019_none_3e06ffa0e335b8a8\COMCTL32.dll
0x00007ffababc0000 - 0x00007ffababe7000 	C:\WINDOWS\System32\win32u.dll
0x00007ffabd310000 - 0x00007ffabd33b000 	C:\WINDOWS\System32\GDI32.dll
0x00007ffabad60000 - 0x00007ffabae8c000 	C:\WINDOWS\System32\gdi32full.dll
0x00007ffabab10000 - 0x00007ffababb3000 	C:\WINDOWS\System32\msvcp_win.dll
0x00007ffaa09c0000 - 0x00007ffaa09cb000 	C:\WINDOWS\SYSTEM32\VERSION.dll
0x00007ffabd340000 - 0x00007ffabd371000 	C:\WINDOWS\System32\IMM32.DLL
0x00007ffaa5440000 - 0x00007ffaa544c000 	C:\Program Files\Java\jdk-17\bin\vcruntime140_1.dll
0x00007ffa30e00000 - 0x00007ffa30e8e000 	C:\Program Files\Java\jdk-17\bin\msvcp140.dll
0x00007ff9d1910000 - 0x00007ff9d24f0000 	C:\Program Files\Java\jdk-17\bin\server\jvm.dll
0x00007ffabc8e0000 - 0x00007ffabc8e8000 	C:\WINDOWS\System32\PSAPI.DLL
0x00007ffa9fe70000 - 0x00007ffa9fe7a000 	C:\WINDOWS\SYSTEM32\WSOCK32.dll
0x00007ffaad0d0000 - 0x00007ffaad105000 	C:\WINDOWS\SYSTEM32\WINMM.dll
0x00007ffabc420000 - 0x00007ffabc494000 	C:\WINDOWS\System32\WS2_32.dll
0x00007ffab9430000 - 0x00007ffab944b000 	C:\WINDOWS\SYSTEM32\kernel.appcore.dll
0x00007ffaa4bc0000 - 0x00007ffaa4bca000 	C:\Program Files\Java\jdk-17\bin\jimage.dll
0x00007ffab7e80000 - 0x00007ffab80c2000 	C:\WINDOWS\SYSTEM32\DBGHELP.DLL
0x00007ffabc4a0000 - 0x00007ffabc82b000 	C:\WINDOWS\System32\combase.dll
0x00007ffabca60000 - 0x00007ffabcb37000 	C:\WINDOWS\System32\OLEAUT32.dll
0x00007ffab4820000 - 0x00007ffab485c000 	C:\WINDOWS\SYSTEM32\dbgcore.DLL
0x00007ffabb2b0000 - 0x00007ffabb355000 	C:\WINDOWS\System32\bcryptPrimitives.dll
0x00007ffa86940000 - 0x00007ffa8694e000 	C:\Program Files\Java\jdk-17\bin\instrument.dll
0x00007ffa70c40000 - 0x00007ffa70c65000 	C:\Program Files\Java\jdk-17\bin\java.dll
0x00007ffa21280000 - 0x00007ffa21357000 	C:\Program Files\Java\jdk-17\bin\jsvml.dll
0x00007ffabb760000 - 0x00007ffabbeaf000 	C:\WINDOWS\System32\SHELL32.dll
0x00007ffababf0000 - 0x00007ffabad5b000 	C:\WINDOWS\System32\wintypes.dll
0x00007ffab8350000 - 0x00007ffab8bad000 	C:\WINDOWS\SYSTEM32\windows.storage.dll
0x00007ffabb510000 - 0x00007ffabb602000 	C:\WINDOWS\System32\SHCORE.dll
0x00007ffabd510000 - 0x00007ffabd577000 	C:\WINDOWS\System32\shlwapi.dll
0x00007ffaba630000 - 0x00007ffaba659000 	C:\WINDOWS\SYSTEM32\profapi.dll
0x00007ffa64a80000 - 0x00007ffa64a98000 	C:\Program Files\Java\jdk-17\bin\zip.dll
0x00007ffa6c0e0000 - 0x00007ffa6c0f9000 	C:\Program Files\Java\jdk-17\bin\net.dll
0x00007ffab1060000 - 0x00007ffab1188000 	C:\WINDOWS\SYSTEM32\WINHTTP.dll
0x00007ffab9a40000 - 0x00007ffab9aab000 	C:\WINDOWS\system32\mswsock.dll
0x00007ffa66950000 - 0x00007ffa66966000 	C:\Program Files\Java\jdk-17\bin\nio.dll
0x00007ffaa6e70000 - 0x00007ffaa6e80000 	C:\Program Files\Java\jdk-17\bin\verify.dll
0x00007ffa32970000 - 0x00007ffa32997000 	D:\.gradle\native\1def1411415f61bf3af743bc5b6707747c0891f09f0c88961ee8f79bc544acac\windows-amd64\native-platform.dll
0x00007ffa109b0000 - 0x00007ffa10a27000 	D:\.gradle\native\0.2.8\x86_64-windows-gnu\gradle-fileevents.dll
0x00007ffa9f440000 - 0x00007ffa9f44a000 	C:\Program Files\Java\jdk-17\bin\management.dll
0x00007ffa8d420000 - 0x00007ffa8d42b000 	C:\Program Files\Java\jdk-17\bin\management_ext.dll
0x00007ffab8f90000 - 0x00007ffab8fc4000 	C:\WINDOWS\SYSTEM32\IPHLPAPI.DLL
0x00007ffabcb60000 - 0x00007ffabcb6a000 	C:\WINDOWS\System32\NSI.dll
0x00007ffab1300000 - 0x00007ffab131e000 	C:\WINDOWS\SYSTEM32\dhcpcsvc6.DLL
0x00007ffab1270000 - 0x00007ffab1293000 	C:\WINDOWS\SYSTEM32\dhcpcsvc.DLL
0x00007ffab9070000 - 0x00007ffab919c000 	C:\WINDOWS\SYSTEM32\DNSAPI.dll
0x00007ffab9d00000 - 0x00007ffab9d1b000 	C:\WINDOWS\SYSTEM32\CRYPTSP.dll
0x00007ffab9450000 - 0x00007ffab948a000 	C:\WINDOWS\system32\rsaenh.dll
0x00007ffab9af0000 - 0x00007ffab9b1b000 	C:\WINDOWS\SYSTEM32\USERENV.dll
0x00007ffaba600000 - 0x00007ffaba62a000 	C:\WINDOWS\SYSTEM32\bcrypt.dll
0x00007ffab9d20000 - 0x00007ffab9d2c000 	C:\WINDOWS\SYSTEM32\CRYPTBASE.dll
0x00007ffa889d0000 - 0x00007ffa889de000 	C:\Program Files\Java\jdk-17\bin\sunmscapi.dll
0x00007ffabb0a0000 - 0x00007ffabb217000 	C:\WINDOWS\System32\CRYPT32.dll
0x00007ffab9f20000 - 0x00007ffab9f50000 	C:\WINDOWS\SYSTEM32\ncrypt.dll
0x00007ffab9ed0000 - 0x00007ffab9f0f000 	C:\WINDOWS\SYSTEM32\NTASN1.dll
0x00007ffaa4530000 - 0x00007ffaa4538000 	C:\WINDOWS\system32\wshunix.dll
0x000000005e7e0000 - 0x000000005e806000 	C:\Program Files\Bonjour\mdnsNSP.dll
0x00007ffab0000000 - 0x00007ffab000b000 	C:\Windows\System32\rasadhlp.dll
0x00007ffab1640000 - 0x00007ffab16c6000 	C:\WINDOWS\System32\fwpuclnt.dll
0x00007ffab95f0000 - 0x00007ffab9626000 	C:\WINDOWS\SYSTEM32\ntmarta.dll
0x00007ffaacec0000 - 0x00007ffaacec7000 	C:\Program Files\Java\jdk-17\bin\rmi.dll

dbghelp: loaded successfully - version: 4.0.5 - missing functions: none
symbol engine: initialized successfully - sym options: 0x614 - pdb path: .;C:\Program Files\Java\jdk-17\bin;C:\WINDOWS\SYSTEM32;C:\WINDOWS\WinSxS\amd64_microsoft.windows.common-controls_6595b64144ccf1df_6.0.26100.7019_none_3e06ffa0e335b8a8;C:\Program Files\Java\jdk-17\bin\server;D:\.gradle\native\1def1411415f61bf3af743bc5b6707747c0891f09f0c88961ee8f79bc544acac\windows-amd64;D:\.gradle\native\0.2.8\x86_64-windows-gnu;C:\Program Files\Bonjour

VM Arguments:
jvm_args: --add-opens=java.base/java.lang=ALL-UNNAMED --add-opens=java.base/java.lang.invoke=ALL-UNNAMED --add-opens=java.base/java.util=ALL-UNNAMED --add-opens=java.prefs/java.util.prefs=ALL-UNNAMED --add-exports=jdk.compiler/com.sun.tools.javac.api=ALL-UNNAMED --add-exports=jdk.compiler/com.sun.tools.javac.util=ALL-UNNAMED --add-opens=java.base/java.util=ALL-UNNAMED --add-opens=java.prefs/java.util.prefs=ALL-UNNAMED --add-opens=java.base/java.nio.charset=ALL-UNNAMED --add-opens=java.base/java.net=ALL-UNNAMED --add-opens=java.base/java.util.concurrent=ALL-UNNAMED --add-opens=java.base/java.util.concurrent.atomic=ALL-UNNAMED --add-opens=java.xml/javax.xml.namespace=ALL-UNNAMED -XX:MaxMetaspaceSize=512m -Xmx2048m -Dfile.encoding=windows-1252 -Duser.country=US -Duser.language=en -Duser.variant -javaagent:D:\.gradle\wrapper\dists\gradle-9.0.0-bin\d6wjpkvcgsg3oed0qlfss3wgl\gradle-9.0.0\lib\agents\gradle-instrumentation-agent-9.0.0.jar 
java_command: org.gradle.launcher.daemon.bootstrap.GradleDaemon 9.0.0
java_class_path (initial): D:\.gradle\wrapper\dists\gradle-9.0.0-bin\d6wjpkvcgsg3oed0qlfss3wgl\gradle-9.0.0\lib\gradle-daemon-main-9.0.0.jar
Launcher Type: SUN_STANDARD

[Global flags]
     intx CICompilerCount                          = 4                                         {product} {ergonomic}
   size_t CompressedClassSpaceSize                 = 436207616                                 {product} {ergonomic}
     uint ConcGCThreads                            = 3                                         {product} {ergonomic}
     uint G1ConcRefinementThreads                  = 10                                        {product} {ergonomic}
   size_t G1HeapRegionSize                         = 1048576                                   {product} {ergonomic}
    uintx GCDrainStackTargetSize                   = 64                                        {product} {ergonomic}
   size_t InitialHeapSize                          = 264241152                                 {product} {ergonomic}
   size_t MarkStackSize                            = 4194304                                   {product} {ergonomic}
   size_t MaxHeapSize                              = 2147483648                                {product} {command line}
   size_t MaxMetaspaceSize                         = 536870912                                 {product} {command line}
   size_t MaxNewSize                               = 1287651328                                {product} {ergonomic}
   size_t MinHeapDeltaBytes                        = 1048576                                   {product} {ergonomic}
   size_t MinHeapSize                              = 8388608                                   {product} {ergonomic}
    uintx NonNMethodCodeHeapSize                   = 5839372                                {pd product} {ergonomic}
    uintx NonProfiledCodeHeapSize                  = 122909434                              {pd product} {ergonomic}
    uintx ProfiledCodeHeapSize                     = 122909434                              {pd product} {ergonomic}
    uintx ReservedCodeCacheSize                    = 251658240                              {pd product} {ergonomic}
     bool SegmentedCodeCache                       = true                                      {product} {ergonomic}
   size_t SoftMaxHeapSize                          = 2147483648                             {manageable} {ergonomic}
     bool UseCompressedClassPointers               = true                           {product lp64_product} {ergonomic}
     bool UseCompressedOops                        = true                           {product lp64_product} {ergonomic}
     bool UseG1GC                                  = true                                      {product} {ergonomic}
     bool UseLargePagesIndividualAllocation        = false                                  {pd product} {ergonomic}

Logging:
Log output configuration:
 #0: stdout all=warning uptime,level,tags
 #1: stderr all=off uptime,level,tags

Environment Variables:
JAVA_HOME=C:\Program Files\Java\jdk-17
PATH=D:\Audri\ReminderApps\node_modules\.bin;D:\Audri\ReminderApps\node_modules\.bin;D:\Audri\node_modules\.bin;D:\node_modules\.bin;C:\Users\CS-FAISAL\AppData\Roaming\nvm\v20.19.0\node_modules\npm\node_modules\@npmcli\run-script\lib\node-gyp-bin;C:\Users\CS-FAISAL\bin;C:\Program Files\Git\mingw64\bin;C:\Program Files\Git\usr\local\bin;C:\Program Files\Git\usr\bin;C:\Program Files\Git\usr\bin;C:\Program Files\Git\mingw64\bin;C:\Program Files\Git\usr\bin;C:\Users\CS-FAISAL\bin;C:\Program Files\Common Files\Oracle\Java\javapath;C:\WINDOWS\system32;C:\WINDOWS;C:\WINDOWS\System32\Wbem;C:\WINDOWS\System32\WindowsPowerShell\v1.0;C:\WINDOWS\System32\OpenSSH;D:\UniServerZ\core\php82;C:\ProgramData\ComposerSetup\bin;C:\Program Files\Git\cmd;C:\Program Files\Java\jdk-17\bin;C:\Users\CS-FAISAL\AppData\Roaming\nvm;C:\Program Files\nodejs;C:\Program Files\PuTTY;C:\Users\CS-FAISAL\AppData\Local\Android\Sdk\platform-tools;C:\Program Files\dotnet;C:\Program Files\Microsoft SQL Server\150\Tools\Binn;C:\Program Files\Microsoft SQL Server\Client SDK\ODBC\170\Tools\Binn;C:\Program Files (x86)\Microsoft SQL Server\160\DTS\Binn;C:\Program Files (x86)\Microsoft SQL Server\150\Tools\Binn;C:\Program Files\Microsoft SQL Server\150\DTS\Binn;C:\Program Files\Go\bin;C:\Users\CS-FAISAL\AppData\Local\Programs\Python\Python310;C:\Users\CS-FAISAL\AppData\Local\Programs\Python\Python310\Scripts;C:\ProgramData\chocolatey\bin;C:\Program Files\OpenSSL-Win64\bin;C:\Program Files\Java\jdk-17\bin;C:\Program Files\Docker\Docker\resources\bin;C:\Users\CS-FAISAL\.bun\bin;C:\Users\CS-FAISAL\AppData\Local\Microsoft\WindowsApps;D:\UniServerZ\core\php82;C:\Users\CS-FAISAL\AppData\Roaming\Composer\vendor\bin;C:\Program Files\Java\jdk-17\bin;C:\Users\CS-FAISAL\AppData\Roaming\nvm;C:\Program Files\nodejs;C:\Users\CS-FAISAL\AppData\Local\Programs\Microsoft VS Code\bin;C:\Users\CS-FAISAL\AppData\Local\Android\Sdk\platform-tools;C:\Users\CS-FAISAL\.dotnet\tools;C:\Users\CS-FAISAL\go\bin;C:\Users\CS-FAISAL\AppData\Local\P
USERNAME=CS-FAISAL
SHELL=C:\Program Files\Git\usr\bin\bash.exe
DISPLAY=needs-to-be-defined
LANG=en_US.UTF-8
OS=Windows_NT
PROCESSOR_IDENTIFIER=Intel64 Family 6 Model 154 Stepping 4, GenuineIntel



---------------  S Y S T E M  ---------------

OS:
 Windows 11 , 64 bit Build 26100 (10.0.26100.7019)
OS uptime: 6 days 9:55 hours

CPU: total 12 (initial active 12) (12 cores per cpu, 1 threads per core) family 6 model 154 stepping 4 microcode 0x437, cx8, cmov, fxsr, mmx, 3dnowpref, sse, sse2, sse3, ssse3, sse4.1, sse4.2, popcnt, lzcnt, tsc, tscinvbit, avx, avx2, aes, erms, clmul, bmi1, bmi2, adx, sha, fma, vzeroupper, clflush, clflushopt, clwb

Memory: 4k page, system-wide physical 16083M (1038M free)
TotalPageFile size 54752M (AvailPageFile size 0M)
current process WorkingSet (physical memory assigned to process): 746M, peak: 901M
current process commit charge ("private bytes"): 1183M, peak: 1185M

vm_info: Java HotSpot(TM) 64-Bit Server VM (17.0.12+8-LTS-286) for windows-amd64 JRE (17.0.12+8-LTS-286), built on Jun  5 2024 06:46:59 by "mach5one" with MS VC++ 17.6 (VS2022)

END.
